rank,entity_id,risk_score,confidence_score,anomaly_score,peeling_signal,seed_proximity_score,seed_distance,evidence_count,network_observation_count,repeated_network_transactions,reasons
1,wallet_peel_02,80.0,48.0,1.0,1.0,0.0,,2,4,0,"[""High Isolation Forest anomaly score (1.000; demo outlier threshold)."", ""5-step decreasing-value transaction chain detected (heuristic indicator)."", ""2 distinct relevant transactions with 4 supporting IP/transaction associations.""]"
2,wallet_peel_03,79.28501741280516,48.0,0.9857003482561031,1.0,0.0,,2,4,0,"[""High Isolation Forest anomaly score (0.986; demo outlier threshold)."", ""5-step decreasing-value transaction chain detected (heuristic indicator)."", ""2 distinct relevant transactions with 4 supporting IP/transaction associations.""]"
3,wallet_peel_04,77.65368832928594,48.0,0.9530737665857189,1.0,0.0,,2,4,0,"[""High Isolation Forest anomaly score (0.953; demo outlier threshold)."", ""5-step decreasing-value transaction chain detected (heuristic indicator)."", ""2 distinct relevant transactions with 4 supporting IP/transaction associations.""]"
4,wallet_peel_05,77.55825710049061,48.0,0.9511651420098121,1.0,0.0,,2,4,0,"[""High Isolation Forest anomaly score (0.951; demo outlier threshold)."", ""5-step decreasing-value transaction chain detected (heuristic indicator)."", ""2 distinct relevant transactions with 4 supporting IP/transaction associations.""]"
5,wallet_peel_01,72.56483791526371,44.0,0.8512967583052741,1.0,0.0,,1,2,0,"[""High Isolation Forest anomaly score (0.851; demo outlier threshold)."", ""5-step decreasing-value transaction chain detected (heuristic indicator)."", ""1 distinct relevant transactions with 2 supporting IP/transaction associations.""]"
6,wallet_peel_06,69.32464356404378,44.0,0.7864928712808756,1.0,0.0,,1,2,0,"[""High Isolation Forest anomaly score (0.786; demo outlier threshold)."", ""5-step decreasing-value transaction chain detected (heuristic indicator)."", ""1 distinct relevant transactions with 2 supporting IP/transaction associations.""]"
7,wallet_burst_demo,45.21530472932995,86.66666666666667,0.904306094586599,0.0,0.0,,30,60,1,"[""High Isolation Forest anomaly score (0.904; demo outlier threshold)."", ""30 distinct relevant transactions with 60 supporting IP/transaction associations."", ""Repeated network observations: one IP appears in 2 relevant transactions; ownership is not established.""]"
8,seed_wallet_demo,36.896611052882314,44.0,0.33793222105764614,0.0,1.0,0.0,1,2,0,"[""Isolation Forest relative anomaly score: 0.338."", ""0 directed blockchain graph edges from a seeded demonstration wallet."", ""1 distinct relevant transactions with 2 supporting IP/transaction associations.""]"
9,wallet_intermediate,31.600002547763182,48.0,0.43200005095526367,0.0,0.5,2.0,2,4,0,"[""High Isolation Forest anomaly score (0.432; demo outlier threshold)."", ""2 directed blockchain graph edges from a seeded demonstration wallet."", ""2 distinct relevant transactions with 4 supporting IP/transaction associations.""]"
10,bc1q_demo_0515,29.179577299556165,80.0,0.5835915459911233,0.0,0.0,,12,24,0,"[""High Isolation Forest anomaly score (0.584; demo outlier threshold)."", ""12 distinct relevant transactions with 24 supporting IP/transaction associations.""]"
11,bc1q_demo_0387,27.91302624239509,80.0,0.5582605248479018,0.0,0.0,,11,22,0,"[""High Isolation Forest anomaly score (0.558; demo outlier threshold)."", ""11 distinct relevant transactions with 22 supporting IP/transaction associations.""]"
12,bc1q_demo_0586,27.65386009203542,80.0,0.5530772018407084,0.0,0.0,,12,24,0,"[""High Isolation Forest anomaly score (0.553; demo outlier threshold)."", ""12 distinct relevant transactions with 24 supporting IP/transaction associations.""]"
13,bc1q_demo_0081,26.423011329208467,86.66666666666667,0.5284602265841694,0.0,0.0,,13,26,1,"[""High Isolation Forest anomaly score (0.528; demo outlier threshold)."", ""13 distinct relevant transactions with 26 supporting IP/transaction associations."", ""Repeated network observations: one IP appears in 2 relevant transactions; ownership is not established.""]"
14,bc1q_demo_0440,24.814079153236957,80.0,0.49628158306473913,0.0,0.0,,11,22,0,"[""High Isolation Forest anomaly score (0.496; demo outlier threshold)."", ""11 distinct relevant transactions with 22 supporting IP/transaction associations.""]"
15,bc1q_demo_0056,24.277223295502818,86.66666666666667,0.48554446591005634,0.0,0.0,,12,24,1,"[""High Isolation Forest anomaly score (0.486; demo outlier threshold)."", ""12 distinct relevant transactions with 24 supporting IP/transaction associations."", ""Repeated network observations: one IP appears in 2 relevant transactions; ownership is not established.""]"
16,bc1q_demo_0034,23.470103739975006,48.0,0.46940207479950014,0.0,0.0,,2,4,0,"[""High Isolation Forest anomaly score (0.469; demo outlier threshold)."", ""2 distinct relevant transactions with 4 supporting IP/transaction associations.""]"
17,bc1q_demo_0103,22.934099777133067,72.0,0.4586819955426613,0.0,0.0,,8,16,0,"[""High Isolation Forest anomaly score (0.459; demo outlier threshold)."", ""8 distinct relevant transactions with 16 supporting IP/transaction associations.""]"
18,bc1q_demo_0048,22.019972004815685,48.0,0.4403994400963137,0.0,0.0,,2,4,0,"[""High Isolation Forest anomaly score (0.440; demo outlier threshold)."", ""2 distinct relevant transactions with 4 supporting IP/transaction associations.""]"
19,bc1q_demo_0082,22.002767681680425,52.0,0.4400553536336085,0.0,0.0,,3,6,0,"[""High Isolation Forest anomaly score (0.440; demo outlier threshold)."", ""3 distinct relevant transactions with 6 supporting IP/transaction associations.""]"
20,bc1q_demo_0156,21.99799173025019,48.0,0.4399598346050038,0.0,0.0,,2,4,0,"[""High Isolation Forest anomaly score (0.440; demo outlier threshold)."", ""2 distinct relevant transactions with 4 supporting IP/transaction associations.""]"
21,wallet_target,21.609590017944246,44.0,0.29885846702555163,0.0,0.3333333333333333,4.0,1,2,0,"[""Isolation Forest relative anomaly score: 0.299."", ""4 directed blockchain graph edges from a seeded demonstration wallet."", ""1 distinct relevant transactions with 2 supporting IP/transaction associations.""]"
22,bc1q_demo_0231,21.236176793488372,48.0,0.42472353586976747,0.0,0.0,,2,4,0,"[""High Isolation Forest anomaly score (0.425; demo outlier threshold)."", ""2 distinct relevant transactions with 4 supporting IP/transaction associations.""]"
23,bc1q_demo_0177,21.006351345048323,48.0,0.4201270269009664,0.0,0.0,,2,4,0,"[""High Isolation Forest anomaly score (0.420; demo outlier threshold)."", ""2 distinct relevant transactions with 4 supporting IP/transaction associations.""]"
24,bc1q_demo_0130,20.954179643066915,80.0,0.41908359286133834,0.0,0.0,,12,24,0,"[""High Isolation Forest anomaly score (0.419; demo outlier threshold)."", ""12 distinct relevant transactions with 24 supporting IP/transaction associations.""]"
25,bc1q_demo_0026,20.658122332815548,48.0,0.41316244665631097,0.0,0.0,,2,4,0,"[""High Isolation Forest anomaly score (0.413; demo outlier threshold)."", ""2 distinct relevant transactions with 4 supporting IP/transaction associations.""]"
26,bc1q_demo_0300,20.56003441754596,48.0,0.4112006883509192,0.0,0.0,,2,4,0,"[""High Isolation Forest anomaly score (0.411; demo outlier threshold)."", ""2 distinct relevant transactions with 4 supporting IP/transaction associations.""]"
27,bc1q_demo_0042,20.52539558610846,44.0,0.41050791172216916,0.0,0.0,,1,2,0,"[""High Isolation Forest anomaly score (0.411; demo outlier threshold)."", ""1 distinct relevant transactions with 2 supporting IP/transaction associations.""]"
28,bc1q_demo_0320,19.935954251339123,86.66666666666667,0.39871908502678244,0.0,0.0,,10,20,1,"[""High Isolation Forest anomaly score (0.399; demo outlier threshold)."", ""10 distinct relevant transactions with 20 supporting IP/transaction associations."", ""Repeated network observations: one IP appears in 2 relevant transactions; ownership is not established.""]"
29,bc1q_demo_0517,19.891613397575316,86.66666666666667,0.39783226795150634,0.0,0.0,,10,20,1,"[""High Isolation Forest anomaly score (0.398; demo outlier threshold)."", ""10 distinct relevant transactions with 20 supporting IP/transaction associations."", ""Repeated network observations: one IP appears in 2 relevant transactions; ownership is not established.""]"
30,bc1q_demo_0310,19.883535634565746,86.66666666666667,0.39767071269131493,0.0,0.0,,11,22,1,"[""High Isolation Forest anomaly score (0.398; demo outlier threshold)."", ""11 distinct relevant transactions with 22 supporting IP/transaction associations."", ""Repeated network observations: one IP appears in 2 relevant transactions; ownership is not established.""]"
31,bc1q_demo_0435,19.578369226604327,80.0,0.39156738453208656,0.0,0.0,,10,20,0,"[""High Isolation Forest anomaly score (0.392; demo outlier threshold)."", ""10 distinct relevant transactions with 20 supporting IP/transaction associations.""]"
32,bc1q_demo_0340,19.348239390031196,80.0,0.38696478780062393,0.0,0.0,,11,22,0,"[""High Isolation Forest anomaly score (0.387; demo outlier threshold)."", ""11 distinct relevant transactions with 22 supporting IP/transaction associations.""]"
33,bc1q_demo_0252,18.717684949052003,48.0,0.37435369898104004,0.0,0.0,,2,4,0,"[""High Isolation Forest anomaly score (0.374; demo outlier threshold)."", ""2 distinct relevant transactions with 4 supporting IP/transaction associations.""]"
34,bc1q_demo_0204,18.663088939035944,80.0,0.37326177878071887,0.0,0.0,,10,20,0,"[""High Isolation Forest anomaly score (0.373; demo outlier threshold)."", ""10 distinct relevant transactions with 20 supporting IP/transaction associations.""]"
35,bc1q_demo_0008,18.438130046554495,48.0,0.36876260093108987,0.0,0.0,,2,4,0,"[""High Isolation Forest anomaly score (0.369; demo outlier threshold)."", ""2 distinct relevant transactions with 4 supporting IP/transaction associations.""]"
36,bc1q_demo_0254,18.276594326153685,80.0,0.36553188652307367,0.0,0.0,,11,22,0,"[""Isolation Forest relative anomaly score: 0.366."", ""11 distinct relevant transactions with 22 supporting IP/transaction associations.""]"
37,bc1q_demo_0230,18.10794682655429,76.0,0.36215893653108583,0.0,0.0,,9,18,0,"[""Isolation Forest relative anomaly score: 0.362."", ""9 distinct relevant transactions with 18 supporting IP/transaction associations.""]"
38,bc1q_demo_0184,18.051206230103293,66.66666666666667,0.3610241246020659,0.0,0.0,,5,10,1,"[""Isolation Forest relative anomaly score: 0.361."", ""5 distinct relevant transactions with 10 supporting IP/transaction associations."", ""Repeated network observations: one IP appears in 2 relevant transactions; ownership is not established.""]"
39,bc1q_demo_0513,18.00097322216768,82.66666666666667,0.3600194644433536,0.0,0.0,,9,18,1,"[""Isolation Forest relative anomaly score: 0.360."", ""9 distinct relevant transactions with 18 supporting IP/transaction associations."", ""Repeated network observations: one IP appears in 2 relevant transactions; ownership is not established.""]"
40,bc1q_demo_0109,17.831632330538692,86.66666666666667,0.3566326466107739,0.0,0.0,,11,22,1,"[""Isolation Forest relative anomaly score: 0.357."", ""11 distinct relevant transactions with 22 supporting IP/transaction associations."", ""Repeated network observations: one IP appears in 2 relevant transactions; ownership is not established.""]"
41,bc1q_demo_0398,17.791808905363208,72.0,0.35583617810726414,0.0,0.0,,8,16,0,"[""Isolation Forest relative anomaly score: 0.356."", ""8 distinct relevant transactions with 16 supporting IP/transaction associations.""]"
42,bc1q_demo_0460,17.575386758237368,82.66666666666667,0.35150773516474737,0.0,0.0,,9,18,1,"[""Isolation Forest relative anomaly score: 0.352."", ""9 distinct relevant transactions with 18 supporting IP/transaction associations."", ""Repeated network observations: one IP appears in 2 relevant transactions; ownership is not established.""]"
43,bc1q_demo_0321,17.487803671498035,86.66666666666667,0.3497560734299607,0.0,0.0,,12,24,1,"[""Isolation Forest relative anomaly score: 0.350."", ""12 distinct relevant transactions with 24 supporting IP/transaction associations."", ""Repeated network observations: one IP appears in 2 relevant transactions; ownership is not established.""]"
44,bc1q_demo_0264,17.17459609854532,44.0,0.3434919219709064,0.0,0.0,,1,2,0,"[""Isolation Forest relative anomaly score: 0.343."", ""1 distinct relevant transactions with 2 supporting IP/transaction associations.""]"
45,bc1q_demo_0364,17.101161668446863,64.0,0.34202323336893725,0.0,0.0,,6,12,0,"[""Isolation Forest relative anomaly score: 0.342."", ""6 distinct relevant transactions with 12 supporting IP/transaction associations.""]"
46,bc1q_demo_0020,16.74497850145097,76.0,0.3348995700290194,0.0,0.0,,9,18,0,"[""Isolation Forest relative anomaly score: 0.335."", ""9 distinct relevant transactions with 18 supporting IP/transaction associations.""]"
47,bc1q_demo_0494,16.564236175353113,68.0,0.33128472350706223,0.0,0.0,,7,14,0,"[""Isolation Forest relative anomaly score: 0.331."", ""7 distinct relevant transactions with 14 supporting IP/transaction associations.""]"
48,bc1q_demo_0477,16.52109939534318,48.0,0.3304219879068636,0.0,0.0,,2,4,0,"[""Isolation Forest relative anomaly score: 0.330."", ""2 distinct relevant transactions with 4 supporting IP/transaction associations.""]"
49,bc1q_demo_0341,16.426695392953597,52.0,0.32853390785907194,0.0,0.0,,3,6,0,"[""Isolation Forest relative anomaly score: 0.329."", ""3 distinct relevant transactions with 6 supporting IP/transaction associations.""]"
50,bc1q_demo_0370,16.35688505762716,80.0,0.3271377011525432,0.0,0.0,,10,20,0,"[""Isolation Forest relative anomaly score: 0.327."", ""10 distinct relevant transactions with 20 supporting IP/transaction associations.""]"
51,bc1q_demo_0467,16.26078938248437,48.0,0.3252157876496874,0.0,0.0,,2,4,0,"[""Isolation Forest relative anomaly score: 0.325."", ""2 distinct relevant transactions with 4 supporting IP/transaction associations.""]"
52,bc1q_demo_0395,16.137202794501945,52.0,0.3227440558900389,0.0,0.0,,3,6,0,"[""Isolation Forest relative anomaly score: 0.323."", ""3 distinct relevant transactions with 6 supporting IP/transaction associations.""]"
53,bc1q_demo_0416,16.076702277402834,72.0,0.3215340455480567,0.0,0.0,,8,16,0,"[""Isolation Forest relative anomaly score: 0.322."", ""8 distinct relevant transactions with 16 supporting IP/transaction associations.""]"
54,bc1q_demo_0087,15.978227201717774,80.0,0.31956454403435547,0.0,0.0,,10,20,0,"[""Isolation Forest relative anomaly score: 0.320."", ""10 distinct relevant transactions with 20 supporting IP/transaction associations.""]"
55,bc1q_demo_0457,15.760058976757247,64.0,0.3152011795351449,0.0,0.0,,6,12,0,"[""Isolation Forest relative anomaly score: 0.315."", ""6 distinct relevant transactions with 12 supporting IP/transaction associations.""]"
56,bc1q_demo_0442,15.632680450589511,44.0,0.31265360901179023,0.0,0.0,,1,2,0,"[""Isolation Forest relative anomaly score: 0.313."", ""1 distinct relevant transactions with 2 supporting IP/transaction associations.""]"
57,bc1q_demo_0307,15.623863535447956,66.66666666666667,0.31247727070895914,0.0,0.0,,5,10,1,"[""Isolation Forest relative anomaly score: 0.312."", ""5 distinct relevant transactions with 10 supporting IP/transaction associations."", ""Repeated network observations: one IP appears in 2 relevant transactions; ownership is not established.""]"
58,bc1q_demo_0256,15.61683031174477,52.0,0.3123366062348954,0.0,0.0,,3,6,0,"[""Isolation Forest relative anomaly score: 0.312."", ""3 distinct relevant transactions with 6 supporting IP/transaction associations.""]"
59,bc1q_demo_0004,15.52749551169367,80.0,0.3105499102338734,0.0,0.0,,10,20,0,"[""Isolation Forest relative anomaly score: 0.311."", ""10 distinct relevant transactions with 20 supporting IP/transaction associations.""]"
60,bc1q_demo_0484,15.462011175467572,86.66666666666667,0.30924022350935143,0.0,0.0,,10,20,1,"[""Isolation Forest relative anomaly score: 0.309."", ""10 distinct relevant transactions with 20 supporting IP/transaction associations."", ""Repeated network observations: one IP appears in 2 relevant transactions; ownership is not established.""]"
61,bc1q_demo_0088,15.427225439577702,76.0,0.30854450879155404,0.0,0.0,,9,18,0,"[""Isolation Forest relative anomaly score: 0.309."", ""9 distinct relevant transactions with 18 supporting IP/transaction associations.""]"
62,bc1q_demo_0279,15.38339334176196,48.0,0.3076678668352392,0.0,0.0,,2,4,0,"[""Isolation Forest relative anomaly score: 0.308."", ""2 distinct relevant transactions with 4 supporting IP/transaction associations.""]"
63,bc1q_demo_0304,15.194252308570565,48.0,0.3038850461714113,0.0,0.0,,2,4,0,"[""Isolation Forest relative anomaly score: 0.304."", ""2 distinct relevant transactions with 4 supporting IP/transaction associations.""]"
64,bc1q_demo_0108,15.095657916704946,52.0,0.30191315833409893,0.0,0.0,,3,6,0,"[""Isolation Forest relative anomaly score: 0.302."", ""3 distinct relevant transactions with 6 supporting IP/transaction associations.""]"
65,bc1q_demo_0406,15.090676965568509,72.0,0.30181353931137017,0.0,0.0,,8,16,0,"[""Isolation Forest relative anomaly score: 0.302."", ""8 distinct relevant transactions with 16 supporting IP/transaction associations.""]"
66,bc1q_demo_0136,14.887391165883898,80.0,0.29774782331767796,0.0,0.0,,11,22,0,"[""Isolation Forest relative anomaly score: 0.298."", ""11 distinct relevant transactions with 22 supporting IP/transaction associations.""]"
67,bc1q_demo_0419,14.879266525411966,86.66666666666667,0.2975853305082393,0.0,0.0,,10,20,1,"[""Isolation Forest relative anomaly score: 0.298."", ""10 distinct relevant transactions with 20 supporting IP/transaction associations."", ""Repeated network observations: one IP appears in 2 relevant transactions; ownership is not established.""]"
68,bc1q_demo_0453,14.860641058516444,86.66666666666667,0.2972128211703289,0.0,0.0,,10,20,1,"[""Isolation Forest relative anomaly score: 0.297."", ""10 distinct relevant transactions with 20 supporting IP/transaction associations."", ""Repeated network observations: one IP appears in 2 relevant transactions; ownership is not established.""]"
69,bc1q_demo_0503,14.736578990160135,68.0,0.2947315798032027,0.0,0.0,,7,14,0,"[""Isolation Forest relative anomaly score: 0.295."", ""7 distinct relevant transactions with 14 supporting IP/transaction associations.""]"
70,bc1q_demo_0291,14.702903770322152,60.0,0.294058075406443,0.0,0.0,,5,10,0,"[""Isolation Forest relative anomaly score: 0.294."", ""5 distinct relevant transactions with 10 supporting IP/transaction associations.""]"
71,bc1q_demo_0466,14.688561498917682,86.66666666666667,0.29377122997835364,0.0,0.0,,10,20,1,"[""Isolation Forest relative anomaly score: 0.294."", ""10 distinct relevant transactions with 20 supporting IP/transaction associations."", ""Repeated network observations: one IP appears in 2 relevant transactions; ownership is not established.""]"
72,bc1q_demo_0168,14.573413964611031,48.0,0.29146827929222063,0.0,0.0,,2,4,0,"[""Isolation Forest relative anomaly score: 0.291."", ""2 distinct relevant transactions with 4 supporting IP/transaction associations.""]"
73,bc1q_demo_0152,14.484397142252508,56.0,0.2896879428450502,0.0,0.0,,4,8,0,"[""Isolation Forest relative anomaly score: 0.290."", ""4 distinct relevant transactions with 8 supporting IP/transaction associations.""]"
74,bc1q_demo_0189,14.469439840449988,76.0,0.28938879680899976,0.0,0.0,,9,18,0,"[""Isolation Forest relative anomaly score: 0.289."", ""9 distinct relevant transactions with 18 supporting IP/transaction associations.""]"
75,bc1q_demo_0167,14.241572164603737,48.0,0.2848314432920747,0.0,0.0,,2,4,0,"[""Isolation Forest relative anomaly score: 0.285."", ""2 distinct relevant transactions with 4 supporting IP/transaction associations.""]"
76,bc1q_demo_0132,14.162510695271447,64.0,0.2832502139054289,0.0,0.0,,6,12,0,"[""Isolation Forest relative anomaly score: 0.283."", ""6 distinct relevant transactions with 12 supporting IP/transaction associations.""]"
77,bc1q_demo_0497,14.109113527361567,72.0,0.28218227054723133,0.0,0.0,,8,16,0,"[""Isolation Forest relative anomaly score: 0.282."", ""8 distinct relevant transactions with 16 supporting IP/transaction associations.""]"
78,bc1q_demo_0146,14.027970633167117,76.0,0.28055941266334233,0.0,0.0,,9,18,0,"[""Isolation Forest relative anomaly score: 0.281."", ""9 distinct relevant transactions with 18 supporting IP/transaction associations.""]"
79,bc1q_demo_0349,13.92745670803263,82.66666666666667,0.2785491341606526,0.0,0.0,,9,18,1,"[""Isolation Forest relative anomaly score: 0.279."", ""9 distinct relevant transactions with 18 supporting IP/transaction associations."", ""Repeated network observations: one IP appears in 2 relevant transactions; ownership is not established.""]"
80,bc1q_demo_0347,13.88030003204037,56.0,0.2776060006408074,0.0,0.0,,4,8,0,"[""Isolation Forest relative anomaly score: 0.278."", ""4 distinct relevant transactions with 8 supporting IP/transaction associations.""]"
81,bc1q_demo_0155,13.857707571516595,68.0,0.2771541514303319,0.0,0.0,,7,14,0,"[""Isolation Forest relative anomaly score: 0.277."", ""7 distinct relevant transactions with 14 supporting IP/transaction associations.""]"
82,bc1q_demo_0272,13.833633907229542,86.66666666666667,0.27667267814459084,0.0,0.0,,11,22,1,"[""Isolation Forest relative anomaly score: 0.277."", ""11 distinct relevant transactions with 22 supporting IP/transaction associations."", ""Repeated network observations: one IP appears in 2 relevant transactions; ownership is not established.""]"
83,bc1q_demo_0220,13.783147948010171,64.0,0.27566295896020343,0.0,0.0,,6,12,0,"[""Isolation Forest relative anomaly score: 0.276."", ""6 distinct relevant transactions with 12 supporting IP/transaction associations.""]"
84,bc1q_demo_0412,13.777191168596433,48.0,0.2755438233719287,0.0,0.0,,2,4,0,"[""Isolation Forest relative anomaly score: 0.276."", ""2 distinct relevant transactions with 4 supporting IP/transaction associations.""]"
85,bc1q_demo_0335,13.732839979070476,52.0,0.27465679958140954,0.0,0.0,,3,6,0,"[""Isolation Forest relative anomaly score: 0.275."", ""3 distinct relevant transactions with 6 supporting IP/transaction associations.""]"
86,bc1q_demo_0594,13.67632033322452,76.0,0.2735264066644904,0.0,0.0,,9,18,0,"[""Isolation Forest relative anomaly score: 0.274."", ""9 distinct relevant transactions with 18 supporting IP/transaction associations.""]"
87,bc1q_demo_0068,13.609710985942622,80.0,0.27219421971885244,0.0,0.0,,10,20,0,"[""Isolation Forest relative anomaly score: 0.272."", ""10 distinct relevant transactions with 20 supporting IP/transaction associations.""]"
88,bc1q_demo_0446,13.600569214604397,60.0,0.27201138429208793,0.0,0.0,,5,10,0,"[""Isolation Forest relative anomaly score: 0.272."", ""5 distinct relevant transactions with 10 supporting IP/transaction associations.""]"
89,bc1q_demo_0596,13.59140287075872,44.0,0.2718280574151744,0.0,0.0,,1,2,0,"[""Isolation Forest relative anomaly score: 0.272."", ""1 distinct relevant transactions with 2 supporting IP/transaction associations.""]"
90,bc1q_demo_0583,13.588583792611614,86.66666666666667,0.2717716758522323,0.0,0.0,,11,22,1,"[""Isolation Forest relative anomaly score: 0.272."", ""11 distinct relevant transactions with 22 supporting IP/transaction associations."", ""Repeated network observations: one IP appears in 2 relevant transactions; ownership is not established.""]"
91,bc1q_demo_0175,13.573057526282906,76.0,0.2714611505256581,0.0,0.0,,9,18,0,"[""Isolation Forest relative anomaly score: 0.271."", ""9 distinct relevant transactions with 18 supporting IP/transaction associations.""]"
92,bc1q_demo_0355,13.464648131255869,48.0,0.26929296262511737,0.0,0.0,,2,4,0,"[""Isolation Forest relative anomaly score: 0.269."", ""2 distinct relevant transactions with 4 supporting IP/transaction associations.""]"
93,bc1q_demo_0462,13.41075212857175,48.0,0.26821504257143497,0.0,0.0,,2,4,0,"[""Isolation Forest relative anomaly score: 0.268."", ""2 distinct relevant transactions with 4 supporting IP/transaction associations.""]"
94,bc1q_demo_0094,13.358805733744797,52.0,0.26717611467489594,0.0,0.0,,3,6,0,"[""Isolation Forest relative anomaly score: 0.267."", ""3 distinct relevant transactions with 6 supporting IP/transaction associations.""]"
95,bc1q_demo_0432,13.227714361559661,44.0,0.26455428723119323,0.0,0.0,,1,2,0,"[""Isolation Forest relative anomaly score: 0.265."", ""1 distinct relevant transactions with 2 supporting IP/transaction associations.""]"
96,bc1q_demo_0408,13.184143894129077,86.66666666666667,0.26368287788258155,0.0,0.0,,10,20,1,"[""Isolation Forest relative anomaly score: 0.264."", ""10 distinct relevant transactions with 20 supporting IP/transaction associations."", ""Repeated network observations: one IP appears in 2 relevant transactions; ownership is not established.""]"
97,bc1q_demo_0579,13.162307590300681,66.66666666666667,0.26324615180601363,0.0,0.0,,5,10,1,"[""Isolation Forest relative anomaly score: 0.263."", ""5 distinct relevant transactions with 10 supporting IP/transaction associations."", ""Repeated network observations: one IP appears in 2 relevant transactions; ownership is not established.""]"
98,bc1q_demo_0172,13.04640835095209,44.0,0.2609281670190418,0.0,0.0,,1,2,0,"[""Isolation Forest relative anomaly score: 0.261."", ""1 distinct relevant transactions with 2 supporting IP/transaction associations.""]"
99,bc1q_demo_0115,13.01820955994426,48.0,0.2603641911988852,0.0,0.0,,2,4,0,"[""Isolation Forest relative anomaly score: 0.260."", ""2 distinct relevant transactions with 4 supporting IP/transaction associations.""]"
100,bc1q_demo_0487,12.999899921770245,72.0,0.2599979984354049,0.0,0.0,,8,16,0,"[""Isolation Forest relative anomaly score: 0.260."", ""8 distinct relevant transactions with 16 supporting IP/transaction associations.""]"
101,bc1q_demo_0099,12.922215433290368,48.0,0.25844430866580737,0.0,0.0,,2,4,0,"[""Isolation Forest relative anomaly score: 0.258."", ""2 distinct relevant transactions with 4 supporting IP/transaction associations.""]"
102,bc1q_demo_0093,12.8963451865432,80.0,0.257926903730864,0.0,0.0,,11,22,0,"[""Isolation Forest relative anomaly score: 0.258."", ""11 distinct relevant transactions with 22 supporting IP/transaction associations.""]"
103,bc1q_demo_0083,12.752898582692515,52.0,0.2550579716538503,0.0,0.0,,3,6,0,"[""Isolation Forest relative anomaly score: 0.255."", ""3 distinct relevant transactions with 6 supporting IP/transaction associations.""]"
104,bc1q_demo_0434,12.693980961811945,68.0,0.2538796192362389,0.0,0.0,,7,14,0,"[""Isolation Forest relative anomaly score: 0.254."", ""7 distinct relevant transactions with 14 supporting IP/transaction associations.""]"
105,bc1q_demo_0360,12.657045539039173,44.0,0.25314091078078343,0.0,0.0,,1,2,0,"[""Isolation Forest relative anomaly score: 0.253."", ""1 distinct relevant transactions with 2 supporting IP/transaction associations.""]"
106,bc1q_demo_0290,12.646167208897138,60.0,0.25292334417794277,0.0,0.0,,5,10,0,"[""Isolation Forest relative anomaly score: 0.253."", ""5 distinct relevant transactions with 10 supporting IP/transaction associations.""]"
107,bc1q_demo_0552,12.551334475876061,44.0,0.2510266895175212,0.0,0.0,,1,2,0,"[""Isolation Forest relative anomaly score: 0.251."", ""1 distinct relevant transactions with 2 supporting IP/transaction associations.""]"
108,bc1q_demo_0563,12.539053363183644,72.0,0.2507810672636729,0.0,0.0,,8,16,0,"[""Isolation Forest relative anomaly score: 0.251."", ""8 distinct relevant transactions with 16 supporting IP/transaction associations.""]"
109,bc1q_demo_0553,12.514400669490758,76.0,0.25028801338981516,0.0,0.0,,9,18,0,"[""Isolation Forest relative anomaly score: 0.250."", ""9 distinct relevant transactions with 18 supporting IP/transaction associations.""]"
110,bc1q_demo_0476,12.511860661040636,60.0,0.2502372132208127,0.0,0.0,,5,10,0,"[""Isolation Forest relative anomaly score: 0.250."", ""5 distinct relevant transactions with 10 supporting IP/transaction associations.""]"
111,bc1q_demo_0334,12.460169617042679,52.0,0.2492033923408536,0.0,0.0,,3,6,0,"[""Isolation Forest relative anomaly score: 0.249."", ""3 distinct relevant transactions with 6 supporting IP/transaction associations.""]"
112,bc1q_demo_0294,12.452991433166465,80.0,0.2490598286633293,0.0,0.0,,10,20,0,"[""Isolation Forest relative anomaly score: 0.249."", ""10 distinct relevant transactions with 20 supporting IP/transaction associations.""]"
113,bc1q_demo_0101,12.404251820976189,48.0,0.24808503641952376,0.0,0.0,,2,4,0,"[""Isolation Forest relative anomaly score: 0.248."", ""2 distinct relevant transactions with 4 supporting IP/transaction associations.""]"
114,bc1q_demo_0062,12.35770535056669,52.0,0.24715410701133378,0.0,0.0,,3,6,0,"[""Isolation Forest relative anomaly score: 0.247."", ""3 distinct relevant transactions with 6 supporting IP/transaction associations.""]"
115,bc1q_demo_0401,12.316321507684563,54.666666666666664,0.24632643015369127,0.0,0.0,,2,4,1,"[""Isolation Forest relative anomaly score: 0.246."", ""2 distinct relevant transactions with 4 supporting IP/transaction associations."", ""Repeated network observations: one IP appears in 2 relevant transactions; ownership is not established.""]"
116,bc1q_demo_0096,12.2580942145079,80.0,0.24516188429015798,0.0,0.0,,10,20,0,"[""Isolation Forest relative anomaly score: 0.245."", ""10 distinct relevant transactions with 20 supporting IP/transaction associations.""]"
117,bc1q_demo_0386,12.128040925775013,76.0,0.24256081851550026,0.0,0.0,,9,18,0,"[""Isolation Forest relative anomaly score: 0.243."", ""9 distinct relevant transactions with 18 supporting IP/transaction associations.""]"
118,bc1q_demo_0488,12.10844657155652,76.0,0.24216893143113039,0.0,0.0,,9,18,0,"[""Isolation Forest relative anomaly score: 0.242."", ""9 distinct relevant transactions with 18 supporting IP/transaction associations.""]"
119,bc1q_demo_0009,12.075142615066383,52.0,0.24150285230132768,0.0,0.0,,3,6,0,"[""Isolation Forest relative anomaly score: 0.242."", ""3 distinct relevant transactions with 6 supporting IP/transaction associations.""]"
120,bc1q_demo_0319,12.029581330845241,76.0,0.24059162661690484,0.0,0.0,,9,18,0,"[""Isolation Forest relative anomaly score: 0.241."", ""9 distinct relevant transactions with 18 supporting IP/transaction associations.""]"
121,bc1q_demo_0391,12.003871387645946,76.0,0.24007742775291893,0.0,0.0,,9,18,0,"[""Isolation Forest relative anomaly score: 0.240."", ""9 distinct relevant transactions with 18 supporting IP/transaction associations.""]"
122,bc1q_demo_0259,11.981888548869957,56.0,0.23963777097739913,0.0,0.0,,4,8,0,"[""Isolation Forest relative anomaly score: 0.240."", ""4 distinct relevant transactions with 8 supporting IP/transaction associations.""]"
123,bc1q_demo_0131,11.865701022480161,68.0,0.23731402044960323,0.0,0.0,,7,14,0,"[""Isolation Forest relative anomaly score: 0.237."", ""7 distinct relevant transactions with 14 supporting IP/transaction associations.""]"
124,bc1q_demo_0546,11.796196635017893,72.0,0.23592393270035786,0.0,0.0,,8,16,0,"[""Isolation Forest relative anomaly score: 0.236."", ""8 distinct relevant transactions with 16 supporting IP/transaction associations.""]"
125,bc1q_demo_0380,11.70698785880319,60.0,0.2341397571760638,0.0,0.0,,5,10,0,"[""Isolation Forest relative anomaly score: 0.234."", ""5 distinct relevant transactions with 10 supporting IP/transaction associations.""]"
126,bc1q_demo_0518,11.706189814388383,48.0,0.23412379628776767,0.0,0.0,,2,4,0,"[""Isolation Forest relative anomaly score: 0.234."", ""2 distinct relevant transactions with 4 supporting IP/transaction associations.""]"
127,bc1q_demo_0592,11.694246341290242,80.0,0.23388492682580483,0.0,0.0,,10,20,0,"[""Isolation Forest relative anomaly score: 0.234."", ""10 distinct relevant transactions with 20 supporting IP/transaction associations.""]"
128,bc1q_demo_0342,11.535621788578567,48.0,0.23071243577157133,0.0,0.0,,2,4,0,"[""Isolation Forest relative anomaly score: 0.231."", ""2 distinct relevant transactions with 4 supporting IP/transaction associations.""]"
129,bc1q_demo_0402,11.531255281989893,76.0,0.23062510563979785,0.0,0.0,,9,18,0,"[""Isolation Forest relative anomaly score: 0.231."", ""9 distinct relevant transactions with 18 supporting IP/transaction associations.""]"
130,bc1q_demo_0041,11.522895954126136,86.66666666666667,0.23045791908252272,0.0,0.0,,10,20,1,"[""Isolation Forest relative anomaly score: 0.230."", ""10 distinct relevant transactions with 20 supporting IP/transaction associations."", ""Repeated network observations: one IP appears in 2 relevant transactions; ownership is not established.""]"
131,bc1q_demo_0249,11.460916490083338,60.0,0.2292183298016668,0.0,0.0,,5,10,0,"[""Isolation Forest relative anomaly score: 0.229."", ""5 distinct relevant transactions with 10 supporting IP/transaction associations.""]"
132,bc1q_demo_0018,11.255627478314208,44.0,0.22511254956628418,0.0,0.0,,1,2,0,"[""Isolation Forest relative anomaly score: 0.225."", ""1 distinct relevant transactions with 2 supporting IP/transaction associations.""]"
133,bc1q_demo_0505,11.240411772507402,64.0,0.22480823545014805,0.0,0.0,,6,12,0,"[""Isolation Forest relative anomaly score: 0.225."", ""6 distinct relevant transactions with 12 supporting IP/transaction associations.""]"
134,bc1q_demo_0425,11.210068870793455,64.0,0.2242013774158691,0.0,0.0,,6,12,0,"[""Isolation Forest relative anomaly score: 0.224."", ""6 distinct relevant transactions with 12 supporting IP/transaction associations.""]"
135,bc1q_demo_0031,11.208456473138273,72.0,0.22416912946276546,0.0,0.0,,8,16,0,"[""Isolation Forest relative anomaly score: 0.224."", ""8 distinct relevant transactions with 16 supporting IP/transaction associations.""]"
136,bc1q_demo_0078,11.16555196978998,48.0,0.2233110393957996,0.0,0.0,,2,4,0,"[""Isolation Forest relative anomaly score: 0.223."", ""2 distinct relevant transactions with 4 supporting IP/transaction associations.""]"
137,bc1q_demo_0506,11.137539922813437,76.0,0.22275079845626874,0.0,0.0,,9,18,0,"[""Isolation Forest relative anomaly score: 0.223."", ""9 distinct relevant transactions with 18 supporting IP/transaction associations.""]"
138,bc1q_demo_0141,11.095295932434267,68.0,0.22190591864868534,0.0,0.0,,7,14,0,"[""Isolation Forest relative anomaly score: 0.222."", ""7 distinct relevant transactions with 14 supporting IP/transaction associations.""]"
139,bc1q_demo_0561,11.072989324482604,66.66666666666667,0.2214597864896521,0.0,0.0,,5,10,1,"[""Isolation Forest relative anomaly score: 0.221."", ""5 distinct relevant transactions with 10 supporting IP/transaction associations."", ""Repeated network observations: one IP appears in 2 relevant transactions; ownership is not established.""]"
140,bc1q_demo_0298,10.997878805331741,72.0,0.21995757610663483,0.0,0.0,,8,16,0,"[""Isolation Forest relative anomaly score: 0.220."", ""8 distinct relevant transactions with 16 supporting IP/transaction associations.""]"
141,bc1q_demo_0278,10.967677303493009,48.0,0.21935354606986016,0.0,0.0,,2,4,0,"[""Isolation Forest relative anomaly score: 0.219."", ""2 distinct relevant transactions with 4 supporting IP/transaction associations.""]"
142,bc1q_demo_0455,10.90444397327572,82.66666666666667,0.21808887946551442,0.0,0.0,,9,18,1,"[""Isolation Forest relative anomaly score: 0.218."", ""9 distinct relevant transactions with 18 supporting IP/transaction associations."", ""Repeated network observations: one IP appears in 2 relevant transactions; ownership is not established.""]"
143,bc1q_demo_0106,10.89044260937996,64.0,0.21780885218759918,0.0,0.0,,6,12,0,"[""Isolation Forest relative anomaly score: 0.218."", ""6 distinct relevant transactions with 12 supporting IP/transaction associations.""]"
144,bc1q_demo_0560,10.721681012950297,76.0,0.21443362025900595,0.0,0.0,,9,18,0,"[""Isolation Forest relative anomaly score: 0.214."", ""9 distinct relevant transactions with 18 supporting IP/transaction associations.""]"
145,bc1q_demo_0287,10.710831022877047,60.0,0.21421662045754095,0.0,0.0,,5,10,0,"[""Isolation Forest relative anomaly score: 0.214."", ""5 distinct relevant transactions with 10 supporting IP/transaction associations.""]"
146,bc1q_demo_0080,10.706070852637154,76.0,0.2141214170527431,0.0,0.0,,9,18,0,"[""Isolation Forest relative anomaly score: 0.214."", ""9 distinct relevant transactions with 18 supporting IP/transaction associations.""]"
147,bc1q_demo_0203,10.673707866296214,56.0,0.21347415732592429,0.0,0.0,,4,8,0,"[""Isolation Forest relative anomaly score: 0.213."", ""4 distinct relevant transactions with 8 supporting IP/transaction associations.""]"
148,bc1q_demo_0283,10.631046018194006,52.0,0.2126209203638801,0.0,0.0,,3,6,0,"[""Isolation Forest relative anomaly score: 0.213."", ""3 distinct relevant transactions with 6 supporting IP/transaction associations.""]"
149,bc1q_demo_0233,10.595008696584726,52.0,0.21190017393169452,0.0,0.0,,3,6,0,"[""Isolation Forest relative anomaly score: 0.212."", ""3 distinct relevant transactions with 6 supporting IP/transaction associations.""]"
150,bc1q_demo_0047,10.549609399834587,68.0,0.21099218799669175,0.0,0.0,,7,14,0,"[""Isolation Forest relative anomaly score: 0.211."", ""7 distinct relevant transactions with 14 supporting IP/transaction associations.""]"
151,bc1q_demo_0600,10.517190007324908,48.0,0.21034380014649814,0.0,0.0,,2,4,0,"[""Isolation Forest relative anomaly score: 0.210."", ""2 distinct relevant transactions with 4 supporting IP/transaction associations.""]"
152,bc1q_demo_0107,10.477267172915766,72.0,0.20954534345831533,0.0,0.0,,8,16,0,"[""Isolation Forest relative anomaly score: 0.210."", ""8 distinct relevant transactions with 16 supporting IP/transaction associations.""]"
153,bc1q_demo_0151,10.462151049432912,60.0,0.20924302098865824,0.0,0.0,,5,10,0,"[""Isolation Forest relative anomaly score: 0.209."", ""5 distinct relevant transactions with 10 supporting IP/transaction associations.""]"
154,bc1q_demo_0351,10.422586162169159,48.0,0.20845172324338318,0.0,0.0,,2,4,0,"[""Isolation Forest relative anomaly score: 0.208."", ""2 distinct relevant transactions with 4 supporting IP/transaction associations.""]"
155,bc1q_demo_0193,10.416435006285324,80.0,0.20832870012570648,0.0,0.0,,10,20,0,"[""Isolation Forest relative anomaly score: 0.208."", ""10 distinct relevant transactions with 20 supporting IP/transaction associations.""]"
156,bc1q_demo_0188,10.337976063286195,64.0,0.2067595212657239,0.0,0.0,,6,12,0,"[""Isolation Forest relative anomaly score: 0.207."", ""6 distinct relevant transactions with 12 supporting IP/transaction associations.""]"
157,bc1q_demo_0539,10.266726349694947,48.0,0.20533452699389895,0.0,0.0,,2,4,0,"[""Isolation Forest relative anomaly score: 0.205."", ""2 distinct relevant transactions with 4 supporting IP/transaction associations.""]"
158,bc1q_demo_0097,10.243321032870572,48.0,0.20486642065741142,0.0,0.0,,2,4,0,"[""Isolation Forest relative anomaly score: 0.205."", ""2 distinct relevant transactions with 4 supporting IP/transaction associations.""]"
159,bc1q_demo_0367,10.232342604587862,72.0,0.20464685209175723,0.0,0.0,,8,16,0,"[""Isolation Forest relative anomaly score: 0.205."", ""8 distinct relevant transactions with 16 supporting IP/transaction associations.""]"
160,bc1q_demo_0404,10.211160178744965,56.0,0.2042232035748993,0.0,0.0,,4,8,0,"[""Isolation Forest relative anomaly score: 0.204."", ""4 distinct relevant transactions with 8 supporting IP/transaction associations.""]"
161,bc1q_demo_0211,10.1756588978751,82.66666666666667,0.203513177957502,0.0,0.0,,9,18,1,"[""Isolation Forest relative anomaly score: 0.204."", ""9 distinct relevant transactions with 18 supporting IP/transaction associations."", ""Repeated network observations: one IP appears in 2 relevant transactions; ownership is not established.""]"
162,bc1q_demo_0253,10.151337771997351,68.0,0.20302675543994703,0.0,0.0,,7,14,0,"[""Isolation Forest relative anomaly score: 0.203."", ""7 distinct relevant transactions with 14 supporting IP/transaction associations.""]"
163,bc1q_demo_0500,10.142253754649639,76.0,0.20284507509299277,0.0,0.0,,9,18,0,"[""Isolation Forest relative anomaly score: 0.203."", ""9 distinct relevant transactions with 18 supporting IP/transaction associations.""]"
164,bc1q_demo_0595,10.083459056913895,60.0,0.20166918113827792,0.0,0.0,,5,10,0,"[""Isolation Forest relative anomaly score: 0.202."", ""5 distinct relevant transactions with 10 supporting IP/transaction associations.""]"
165,bc1q_demo_0077,10.07852540469973,76.0,0.2015705080939946,0.0,0.0,,9,18,0,"[""Isolation Forest relative anomaly score: 0.202."", ""9 distinct relevant transactions with 18 supporting IP/transaction associations.""]"
166,bc1q_demo_0570,10.054392058743819,60.0,0.20108784117487638,0.0,0.0,,5,10,0,"[""Isolation Forest relative anomaly score: 0.201."", ""5 distinct relevant transactions with 10 supporting IP/transaction associations.""]"
167,bc1q_demo_0262,10.037730011368076,52.0,0.20075460022736152,0.0,0.0,,3,6,0,"[""Isolation Forest relative anomaly score: 0.201."", ""3 distinct relevant transactions with 6 supporting IP/transaction associations.""]"
168,bc1q_demo_0535,10.036465126269869,44.0,0.2007293025253974,0.0,0.0,,1,2,0,"[""Isolation Forest relative anomaly score: 0.201."", ""1 distinct relevant transactions with 2 supporting IP/transaction associations.""]"
169,bc1q_demo_0208,10.030856302096975,48.0,0.20061712604193951,0.0,0.0,,2,4,0,"[""Isolation Forest relative anomaly score: 0.201."", ""2 distinct relevant transactions with 4 supporting IP/transaction associations.""]"
170,bc1q_demo_0129,9.924377932856606,52.0,0.19848755865713213,0.0,0.0,,3,6,0,"[""Isolation Forest relative anomaly score: 0.198."", ""3 distinct relevant transactions with 6 supporting IP/transaction associations.""]"
171,bc1q_demo_0365,9.900355716977828,52.0,0.19800711433955656,0.0,0.0,,3,6,0,"[""Isolation Forest relative anomaly score: 0.198."", ""3 distinct relevant transactions with 6 supporting IP/transaction associations.""]"
172,bc1q_demo_0574,9.870358033265358,56.0,0.19740716066530717,0.0,0.0,,4,8,0,"[""Isolation Forest relative anomaly score: 0.197."", ""4 distinct relevant transactions with 8 supporting IP/transaction associations.""]"
173,bc1q_demo_0036,9.787422861894777,56.0,0.19574845723789555,0.0,0.0,,4,8,0,"[""Isolation Forest relative anomaly score: 0.196."", ""4 distinct relevant transactions with 8 supporting IP/transaction associations.""]"
174,bc1q_demo_0222,9.757796905486646,72.0,0.19515593810973292,0.0,0.0,,8,16,0,"[""Isolation Forest relative anomaly score: 0.195."", ""8 distinct relevant transactions with 16 supporting IP/transaction associations.""]"
175,bc1q_demo_0075,9.718843441042416,52.0,0.19437686882084834,0.0,0.0,,3,6,0,"[""Isolation Forest relative anomaly score: 0.194."", ""3 distinct relevant transactions with 6 supporting IP/transaction associations.""]"
176,bc1q_demo_0069,9.712798962594896,52.0,0.19425597925189791,0.0,0.0,,3,6,0,"[""Isolation Forest relative anomaly score: 0.194."", ""3 distinct relevant transactions with 6 supporting IP/transaction associations.""]"
177,bc1q_demo_0568,9.632191062670815,64.0,0.1926438212534163,0.0,0.0,,6,12,0,"[""Isolation Forest relative anomaly score: 0.193."", ""6 distinct relevant transactions with 12 supporting IP/transaction associations.""]"
178,bc1q_demo_0166,9.602175264531917,52.0,0.19204350529063835,0.0,0.0,,3,6,0,"[""Isolation Forest relative anomaly score: 0.192."", ""3 distinct relevant transactions with 6 supporting IP/transaction associations.""]"
179,bc1q_demo_0202,9.56354408073053,44.0,0.1912708816146106,0.0,0.0,,1,2,0,"[""Isolation Forest relative anomaly score: 0.191."", ""1 distinct relevant transactions with 2 supporting IP/transaction associations.""]"
180,bc1q_demo_0581,9.559622456993303,56.0,0.19119244913986605,0.0,0.0,,4,8,0,"[""Isolation Forest relative anomaly score: 0.191."", ""4 distinct relevant transactions with 8 supporting IP/transaction associations.""]"
181,wallet_peel_recipient_demo_04,9.537496543103927,44.0,0.19074993086207853,0.0,0.0,,1,2,0,"[""Isolation Forest relative anomaly score: 0.191."", ""1 distinct relevant transactions with 2 supporting IP/transaction associations.""]"
182,bc1q_demo_0144,9.536049813209614,72.0,0.19072099626419228,0.0,0.0,,8,16,0,"[""Isolation Forest relative anomaly score: 0.191."", ""8 distinct relevant transactions with 16 supporting IP/transaction associations.""]"
183,bc1q_demo_0121,9.516060784522754,72.0,0.19032121569045507,0.0,0.0,,8,16,0,"[""Isolation Forest relative anomaly score: 0.190."", ""8 distinct relevant transactions with 16 supporting IP/transaction associations.""]"
184,wallet_peel_recipient_demo_02,9.48072903210103,44.0,0.18961458064202058,0.0,0.0,,1,2,0,"[""Isolation Forest relative anomaly score: 0.190."", ""1 distinct relevant transactions with 2 supporting IP/transaction associations.""]"
185,bc1q_demo_0210,9.472104886024777,44.0,0.18944209772049553,0.0,0.0,,1,2,0,"[""Isolation Forest relative anomaly score: 0.189."", ""1 distinct relevant transactions with 2 supporting IP/transaction associations.""]"
186,bc1q_demo_0191,9.44749587834294,52.0,0.18894991756685878,0.0,0.0,,3,6,0,"[""Isolation Forest relative anomaly score: 0.189."", ""3 distinct relevant transactions with 6 supporting IP/transaction associations.""]"
187,wallet_peel_recipient_demo_01,9.424019104054937,44.0,0.18848038208109874,0.0,0.0,,1,2,0,"[""Isolation Forest relative anomaly score: 0.188."", ""1 distinct relevant transactions with 2 supporting IP/transaction associations.""]"
188,bc1q_demo_0474,9.413660799901669,52.0,0.18827321599803337,0.0,0.0,,3,6,0,"[""Isolation Forest relative anomaly score: 0.188."", ""3 distinct relevant transactions with 6 supporting IP/transaction associations.""]"
189,bc1q_demo_0032,9.411444124010712,44.0,0.18822888248021424,0.0,0.0,,1,2,0,"[""Isolation Forest relative anomaly score: 0.188."", ""1 distinct relevant transactions with 2 supporting IP/transaction associations.""]"
190,bc1q_demo_0016,9.408333213890103,52.0,0.18816666427780204,0.0,0.0,,3,6,0,"[""Isolation Forest relative anomaly score: 0.188."", ""3 distinct relevant transactions with 6 supporting IP/transaction associations.""]"
191,wallet_peel_recipient_demo_03,9.40512858082158,44.0,0.1881025716164316,0.0,0.0,,1,2,0,"[""Isolation Forest relative anomaly score: 0.188."", ""1 distinct relevant transactions with 2 supporting IP/transaction associations.""]"
192,wallet_peel_recipient_demo_05,9.367366700555532,44.0,0.18734733401111064,0.0,0.0,,1,2,0,"[""Isolation Forest relative anomaly score: 0.187."", ""1 distinct relevant transactions with 2 supporting IP/transaction associations.""]"
193,bc1q_demo_0378,9.366941372292292,56.0,0.18733882744584585,0.0,0.0,,4,8,0,"[""Isolation Forest relative anomaly score: 0.187."", ""4 distinct relevant transactions with 8 supporting IP/transaction associations.""]"
194,bc1q_demo_0003,9.321899142849006,68.0,0.1864379828569801,0.0,0.0,,7,14,0,"[""Isolation Forest relative anomaly score: 0.186."", ""7 distinct relevant transactions with 14 supporting IP/transaction associations.""]"
195,bc1q_demo_0143,9.315330244083032,78.66666666666667,0.18630660488166065,0.0,0.0,,8,16,1,"[""Isolation Forest relative anomaly score: 0.186."", ""8 distinct relevant transactions with 16 supporting IP/transaction associations."", ""Repeated network observations: one IP appears in 2 relevant transactions; ownership is not established.""]"
196,wallet_burst_recipient_demo_08,9.290058963186866,44.0,0.1858011792637373,0.0,0.0,,1,2,0,"[""Isolation Forest relative anomaly score: 0.186."", ""1 distinct relevant transactions with 2 supporting IP/transaction associations.""]"
197,bc1q_demo_0558,9.287367169307894,56.0,0.18574734338615786,0.0,0.0,,4,8,0,"[""Isolation Forest relative anomaly score: 0.186."", ""4 distinct relevant transactions with 8 supporting IP/transaction associations.""]"
198,bc1q_demo_0314,9.262492700284545,48.0,0.1852498540056909,0.0,0.0,,2,4,0,"[""Isolation Forest relative anomaly score: 0.185."", ""2 distinct relevant transactions with 4 supporting IP/transaction associations.""]"
199,bc1q_demo_0427,9.24515173048167,52.0,0.1849030346096334,0.0,0.0,,3,6,0,"[""Isolation Forest relative anomaly score: 0.185."", ""3 distinct relevant transactions with 6 supporting IP/transaction associations.""]"
200,bc1q_demo_0181,9.224673182921245,58.666666666666664,0.18449346365842492,0.0,0.0,,3,6,1,"[""Isolation Forest relative anomaly score: 0.184."", ""3 distinct relevant transactions with 6 supporting IP/transaction associations."", ""Repeated network observations: one IP appears in 2 relevant transactions; ownership is not established.""]"
201,bc1q_demo_0417,9.221296145846889,52.0,0.1844259229169378,0.0,0.0,,3,6,0,"[""Isolation Forest relative anomaly score: 0.184."", ""3 distinct relevant transactions with 6 supporting IP/transaction associations.""]"
202,bc1q_demo_0589,9.1958966174211,44.0,0.183917932348422,0.0,0.0,,1,2,0,"[""Isolation Forest relative anomaly score: 0.184."", ""1 distinct relevant transactions with 2 supporting IP/transaction associations.""]"
203,bc1q_demo_0267,9.185480566949392,52.0,0.18370961133898786,0.0,0.0,,3,6,0,"[""Isolation Forest relative anomaly score: 0.184."", ""3 distinct relevant transactions with 6 supporting IP/transaction associations.""]"
204,wallet_burst_recipient_demo_11,9.158276252759,44.0,0.18316552505518,0.0,0.0,,1,2,0,"[""Isolation Forest relative anomaly score: 0.183."", ""1 distinct relevant transactions with 2 supporting IP/transaction associations.""]"
205,bc1q_demo_0533,9.14257972221838,60.0,0.1828515944443676,0.0,0.0,,5,10,0,"[""Isolation Forest relative anomaly score: 0.183."", ""5 distinct relevant transactions with 10 supporting IP/transaction associations.""]"
206,bc1q_demo_0118,9.112958658868,82.66666666666667,0.18225917317735998,0.0,0.0,,9,18,1,"[""Isolation Forest relative anomaly score: 0.182."", ""9 distinct relevant transactions with 18 supporting IP/transaction associations."", ""Repeated network observations: one IP appears in 2 relevant transactions; ownership is not established.""]"
207,bc1q_demo_0157,9.056938664716876,60.0,0.18113877329433753,0.0,0.0,,5,10,0,"[""Isolation Forest relative anomaly score: 0.181."", ""5 distinct relevant transactions with 10 supporting IP/transaction associations.""]"
208,bc1q_demo_0237,9.012066741630925,44.0,0.18024133483261848,0.0,0.0,,1,2,0,"[""Isolation Forest relative anomaly score: 0.180."", ""1 distinct relevant transactions with 2 supporting IP/transaction associations.""]"
209,wallet_burst_recipient_demo_23,9.007132849943341,44.0,0.18014265699886683,0.0,0.0,,1,2,0,"[""Isolation Forest relative anomaly score: 0.180."", ""1 distinct relevant transactions with 2 supporting IP/transaction associations.""]"
210,bc1q_demo_0554,8.916866444207058,68.0,0.17833732888414114,0.0,0.0,,7,14,0,"[""Isolation Forest relative anomaly score: 0.178."", ""7 distinct relevant transactions with 14 supporting IP/transaction associations.""]"
211,bc1q_demo_0227,8.888115035289097,48.0,0.17776230070578194,0.0,0.0,,2,4,0,"[""Isolation Forest relative anomaly score: 0.178."", ""2 distinct relevant transactions with 4 supporting IP/transaction associations.""]"
212,bc1q_demo_0058,8.886297377279819,64.0,0.17772594754559637,0.0,0.0,,6,12,0,"[""Isolation Forest relative anomaly score: 0.178."", ""6 distinct relevant transactions with 12 supporting IP/transaction associations.""]"
213,bc1q_demo_0418,8.885464303432432,52.0,0.17770928606864864,0.0,0.0,,3,6,0,"[""Isolation Forest relative anomaly score: 0.178."", ""3 distinct relevant transactions with 6 supporting IP/transaction associations.""]"
214,bc1q_demo_0415,8.855062956474068,60.0,0.17710125912948135,0.0,0.0,,5,10,0,"[""Isolation Forest relative anomaly score: 0.177."", ""5 distinct relevant transactions with 10 supporting IP/transaction associations.""]"
215,bc1q_demo_0337,8.844774057367674,48.0,0.17689548114735348,0.0,0.0,,2,4,0,"[""Isolation Forest relative anomaly score: 0.177."", ""2 distinct relevant transactions with 4 supporting IP/transaction associations.""]"
216,bc1q_demo_0251,8.808643920413694,82.66666666666667,0.17617287840827386,0.0,0.0,,9,18,1,"[""Isolation Forest relative anomaly score: 0.176."", ""9 distinct relevant transactions with 18 supporting IP/transaction associations."", ""Repeated network observations: one IP appears in 2 relevant transactions; ownership is not established.""]"
217,bc1q_demo_0376,8.78087343915468,52.0,0.17561746878309362,0.0,0.0,,3,6,0,"[""Isolation Forest relative anomaly score: 0.176."", ""3 distinct relevant transactions with 6 supporting IP/transaction associations.""]"
218,bc1q_demo_0209,8.776679053166909,56.0,0.1755335810633382,0.0,0.0,,4,8,0,"[""Isolation Forest relative anomaly score: 0.176."", ""4 distinct relevant transactions with 8 supporting IP/transaction associations.""]"
219,bc1q_demo_0201,8.770465292015015,64.0,0.1754093058403003,0.0,0.0,,6,12,0,"[""Isolation Forest relative anomaly score: 0.175."", ""6 distinct relevant transactions with 12 supporting IP/transaction associations.""]"
220,bc1q_demo_0459,8.689721988867337,44.0,0.17379443977734674,0.0,0.0,,1,2,0,"[""Isolation Forest relative anomaly score: 0.174."", ""1 distinct relevant transactions with 2 supporting IP/transaction associations.""]"
221,bc1q_demo_0598,8.667022852992261,52.0,0.17334045705984522,0.0,0.0,,3,6,0,"[""Isolation Forest relative anomaly score: 0.173."", ""3 distinct relevant transactions with 6 supporting IP/transaction associations.""]"
222,bc1q_demo_0057,8.624055521619537,52.0,0.17248111043239076,0.0,0.0,,3,6,0,"[""Isolation Forest relative anomaly score: 0.172."", ""3 distinct relevant transactions with 6 supporting IP/transaction associations.""]"
223,bc1q_demo_0138,8.603051351167235,72.0,0.1720610270233447,0.0,0.0,,8,16,0,"[""Isolation Forest relative anomaly score: 0.172."", ""8 distinct relevant transactions with 16 supporting IP/transaction associations.""]"
224,bc1q_demo_0205,8.599949036262586,60.0,0.17199898072525174,0.0,0.0,,5,10,0,"[""Isolation Forest relative anomaly score: 0.172."", ""5 distinct relevant transactions with 10 supporting IP/transaction associations.""]"
225,bc1q_demo_0471,8.565838053826557,52.0,0.17131676107653115,0.0,0.0,,3,6,0,"[""Isolation Forest relative anomaly score: 0.171."", ""3 distinct relevant transactions with 6 supporting IP/transaction associations.""]"
226,bc1q_demo_0095,8.558346480251435,60.0,0.1711669296050287,0.0,0.0,,5,10,0,"[""Isolation Forest relative anomaly score: 0.171."", ""5 distinct relevant transactions with 10 supporting IP/transaction associations.""]"
227,bc1q_demo_0076,8.527358081709828,60.0,0.17054716163419656,0.0,0.0,,5,10,0,"[""Isolation Forest relative anomaly score: 0.171."", ""5 distinct relevant transactions with 10 supporting IP/transaction associations.""]"
228,bc1q_demo_0429,8.489402434554211,66.66666666666667,0.16978804869108421,0.0,0.0,,5,10,1,"[""Isolation Forest relative anomaly score: 0.170."", ""5 distinct relevant transactions with 10 supporting IP/transaction associations."", ""Repeated network observations: one IP appears in 2 relevant transactions; ownership is not established.""]"
229,bc1q_demo_0557,8.487306184387213,48.0,0.16974612368774428,0.0,0.0,,2,4,0,"[""Isolation Forest relative anomaly score: 0.170."", ""2 distinct relevant transactions with 4 supporting IP/transaction associations.""]"
230,bc1q_demo_0250,8.482785961016887,76.0,0.16965571922033773,0.0,0.0,,9,18,0,"[""Isolation Forest relative anomaly score: 0.170."", ""9 distinct relevant transactions with 18 supporting IP/transaction associations.""]"
231,bc1q_demo_0023,8.36296009369229,76.0,0.1672592018738458,0.0,0.0,,9,18,0,"[""Isolation Forest relative anomaly score: 0.167."", ""9 distinct relevant transactions with 18 supporting IP/transaction associations.""]"
232,bc1q_demo_0309,8.35888129694337,76.0,0.1671776259388674,0.0,0.0,,9,18,0,"[""Isolation Forest relative anomaly score: 0.167."", ""9 distinct relevant transactions with 18 supporting IP/transaction associations.""]"
233,wallet_burst_recipient_demo_22,8.324787748379801,44.0,0.16649575496759603,0.0,0.0,,1,2,0,"[""Isolation Forest relative anomaly score: 0.166."", ""1 distinct relevant transactions with 2 supporting IP/transaction associations.""]"
234,bc1q_demo_0163,8.26318003335037,52.0,0.1652636006670074,0.0,0.0,,3,6,0,"[""Isolation Forest relative anomaly score: 0.165."", ""3 distinct relevant transactions with 6 supporting IP/transaction associations.""]"
235,bc1q_demo_0067,8.242025389511536,56.0,0.1648405077902307,0.0,0.0,,4,8,0,"[""Isolation Forest relative anomaly score: 0.165."", ""4 distinct relevant transactions with 8 supporting IP/transaction associations.""]"
236,bc1q_demo_0543,8.175867650905277,52.0,0.16351735301810552,0.0,0.0,,3,6,0,"[""Isolation Forest relative anomaly score: 0.164."", ""3 distinct relevant transactions with 6 supporting IP/transaction associations.""]"
237,bc1q_demo_0153,8.161114710520728,64.0,0.16322229421041456,0.0,0.0,,6,12,0,"[""Isolation Forest relative anomaly score: 0.163."", ""6 distinct relevant transactions with 12 supporting IP/transaction associations.""]"
238,wallet_burst_recipient_demo_07,8.116019855899866,44.0,0.1623203971179973,0.0,0.0,,1,2,0,"[""Isolation Forest relative anomaly score: 0.162."", ""1 distinct relevant transactions with 2 supporting IP/transaction associations.""]"
239,wallet_burst_recipient_demo_20,8.116019855899866,44.0,0.1623203971179973,0.0,0.0,,1,2,0,"[""Isolation Forest relative anomaly score: 0.162."", ""1 distinct relevant transactions with 2 supporting IP/transaction associations.""]"
240,bc1q_demo_0526,8.08383759787309,76.0,0.1616767519574618,0.0,0.0,,9,18,0,"[""Isolation Forest relative anomaly score: 0.162."", ""9 distinct relevant transactions with 18 supporting IP/transaction associations.""]"
241,wallet_burst_recipient_demo_25,8.06405265901766,44.0,0.1612810531803532,0.0,0.0,,1,2,0,"[""Isolation Forest relative anomaly score: 0.161."", ""1 distinct relevant transactions with 2 supporting IP/transaction associations.""]"
242,bc1q_demo_0326,8.036237027438837,60.0,0.16072474054877675,0.0,0.0,,5,10,0,"[""Isolation Forest relative anomaly score: 0.161."", ""5 distinct relevant transactions with 10 supporting IP/transaction associations.""]"
243,wallet_burst_recipient_demo_30,8.02492074125578,44.0,0.1604984148251156,0.0,0.0,,1,2,0,"[""Isolation Forest relative anomaly score: 0.160."", ""1 distinct relevant transactions with 2 supporting IP/transaction associations.""]"
244,bc1q_demo_0001,7.969600667899754,60.0,0.15939201335799508,0.0,0.0,,5,10,0,"[""Isolation Forest relative anomaly score: 0.159."", ""5 distinct relevant transactions with 10 supporting IP/transaction associations.""]"
245,bc1q_demo_0142,7.9385470742575,76.0,0.15877094148515,0.0,0.0,,9,18,0,"[""Isolation Forest relative anomaly score: 0.159."", ""9 distinct relevant transactions with 18 supporting IP/transaction associations.""]"
246,bc1q_demo_0281,7.909114717941596,56.0,0.1581822943588319,0.0,0.0,,4,8,0,"[""Isolation Forest relative anomaly score: 0.158."", ""4 distinct relevant transactions with 8 supporting IP/transaction associations.""]"
247,bc1q_demo_0422,7.902193440595042,68.0,0.15804386881190083,0.0,0.0,,7,14,0,"[""Isolation Forest relative anomaly score: 0.158."", ""7 distinct relevant transactions with 14 supporting IP/transaction associations.""]"
248,wallet_burst_recipient_demo_10,7.897845645667443,44.0,0.15795691291334887,0.0,0.0,,1,2,0,"[""Isolation Forest relative anomaly score: 0.158."", ""1 distinct relevant transactions with 2 supporting IP/transaction associations.""]"
249,bc1q_demo_0196,7.8821382184977224,56.0,0.15764276436995445,0.0,0.0,,4,8,0,"[""Isolation Forest relative anomaly score: 0.158."", ""4 distinct relevant transactions with 8 supporting IP/transaction associations.""]"
250,bc1q_demo_0180,7.854970796001323,52.0,0.15709941592002646,0.0,0.0,,3,6,0,"[""Isolation Forest relative anomaly score: 0.157."", ""3 distinct relevant transactions with 6 supporting IP/transaction associations.""]"
251,wallet_burst_recipient_demo_04,7.845464823965602,44.0,0.15690929647931204,0.0,0.0,,1,2,0,"[""Isolation Forest relative anomaly score: 0.157."", ""1 distinct relevant transactions with 2 supporting IP/transaction associations.""]"
252,wallet_burst_recipient_demo_24,7.836998163944642,44.0,0.15673996327889284,0.0,0.0,,1,2,0,"[""Isolation Forest relative anomaly score: 0.157."", ""1 distinct relevant transactions with 2 supporting IP/transaction associations.""]"
253,bc1q_demo_0489,7.809330769516705,52.0,0.1561866153903341,0.0,0.0,,3,6,0,"[""Isolation Forest relative anomaly score: 0.156."", ""3 distinct relevant transactions with 6 supporting IP/transaction associations.""]"
254,bc1q_demo_0523,7.808457792125713,56.0,0.15616915584251426,0.0,0.0,,4,8,0,"[""Isolation Forest relative anomaly score: 0.156."", ""4 distinct relevant transactions with 8 supporting IP/transaction associations.""]"
255,wallet_burst_recipient_demo_09,7.783455472078442,44.0,0.15566910944156884,0.0,0.0,,1,2,0,"[""Isolation Forest relative anomaly score: 0.156."", ""1 distinct relevant transactions with 2 supporting IP/transaction associations.""]"
256,bc1q_demo_0236,7.772846490748235,82.66666666666667,0.1554569298149647,0.0,0.0,,9,18,1,"[""Isolation Forest relative anomaly score: 0.155."", ""9 distinct relevant transactions with 18 supporting IP/transaction associations."", ""Repeated network observations: one IP appears in 2 relevant transactions; ownership is not established.""]"
257,bc1q_demo_0276,7.74772068120742,82.66666666666667,0.1549544136241484,0.0,0.0,,9,18,1,"[""Isolation Forest relative anomaly score: 0.155."", ""9 distinct relevant transactions with 18 supporting IP/transaction associations."", ""Repeated network observations: one IP appears in 2 relevant transactions; ownership is not established.""]"
258,bc1q_demo_0045,7.73753337875028,68.0,0.1547506675750056,0.0,0.0,,7,14,0,"[""Isolation Forest relative anomaly score: 0.155."", ""7 distinct relevant transactions with 14 supporting IP/transaction associations.""]"
259,bc1q_demo_0433,7.726799503980549,64.0,0.15453599007961097,0.0,0.0,,6,12,0,"[""Isolation Forest relative anomaly score: 0.155."", ""6 distinct relevant transactions with 12 supporting IP/transaction associations.""]"
260,bc1q_demo_0176,7.719324267319397,60.0,0.15438648534638794,0.0,0.0,,5,10,0,"[""Isolation Forest relative anomaly score: 0.154."", ""5 distinct relevant transactions with 10 supporting IP/transaction associations.""]"
261,bc1q_demo_0059,7.695720717762732,64.0,0.15391441435525463,0.0,0.0,,6,12,0,"[""Isolation Forest relative anomaly score: 0.154."", ""6 distinct relevant transactions with 12 supporting IP/transaction associations.""]"
262,wallet_burst_recipient_demo_02,7.685932909960531,44.0,0.15371865819921063,0.0,0.0,,1,2,0,"[""Isolation Forest relative anomaly score: 0.154."", ""1 distinct relevant transactions with 2 supporting IP/transaction associations.""]"
263,bc1q_demo_0216,7.682959268293968,56.0,0.15365918536587936,0.0,0.0,,4,8,0,"[""Isolation Forest relative anomaly score: 0.154."", ""4 distinct relevant transactions with 8 supporting IP/transaction associations.""]"
264,bc1q_demo_0564,7.680225380271853,72.0,0.15360450760543706,0.0,0.0,,8,16,0,"[""Isolation Forest relative anomaly score: 0.154."", ""8 distinct relevant transactions with 16 supporting IP/transaction associations.""]"
265,bc1q_demo_0244,7.6683759214608544,62.666666666666664,0.1533675184292171,0.0,0.0,,4,8,1,"[""Isolation Forest relative anomaly score: 0.153."", ""4 distinct relevant transactions with 8 supporting IP/transaction associations."", ""Repeated network observations: one IP appears in 2 relevant transactions; ownership is not established.""]"
266,bc1q_demo_0411,7.658281413059697,82.66666666666667,0.15316562826119395,0.0,0.0,,9,18,1,"[""Isolation Forest relative anomaly score: 0.153."", ""9 distinct relevant transactions with 18 supporting IP/transaction associations."", ""Repeated network observations: one IP appears in 2 relevant transactions; ownership is not established.""]"
267,bc1q_demo_0516,7.655606111557314,56.0,0.15311212223114629,0.0,0.0,,4,8,0,"[""Isolation Forest relative anomaly score: 0.153."", ""4 distinct relevant transactions with 8 supporting IP/transaction associations.""]"
268,wallet_burst_recipient_demo_19,7.6493338205497725,44.0,0.15298667641099545,0.0,0.0,,1,2,0,"[""Isolation Forest relative anomaly score: 0.153."", ""1 distinct relevant transactions with 2 supporting IP/transaction associations.""]"
269,wallet_burst_recipient_demo_26,7.621975358273479,44.0,0.15243950716546958,0.0,0.0,,1,2,0,"[""Isolation Forest relative anomaly score: 0.152."", ""1 distinct relevant transactions with 2 supporting IP/transaction associations.""]"
270,wallet_burst_recipient_demo_28,7.621975358273479,44.0,0.15243950716546958,0.0,0.0,,1,2,0,"[""Isolation Forest relative anomaly score: 0.152."", ""1 distinct relevant transactions with 2 supporting IP/transaction associations.""]"
271,bc1q_demo_0426,7.6195639581769585,52.0,0.15239127916353917,0.0,0.0,,3,6,0,"[""Isolation Forest relative anomaly score: 0.152."", ""3 distinct relevant transactions with 6 supporting IP/transaction associations.""]"
272,wallet_burst_recipient_demo_14,7.618768130804616,44.0,0.15237536261609233,0.0,0.0,,1,2,0,"[""Isolation Forest relative anomaly score: 0.152."", ""1 distinct relevant transactions with 2 supporting IP/transaction associations.""]"
273,wallet_burst_recipient_demo_15,7.618768130804616,44.0,0.15237536261609233,0.0,0.0,,1,2,0,"[""Isolation Forest relative anomaly score: 0.152."", ""1 distinct relevant transactions with 2 supporting IP/transaction associations.""]"
274,bc1q_demo_0479,7.553944449616582,56.0,0.15107888899233163,0.0,0.0,,4,8,0,"[""Isolation Forest relative anomaly score: 0.151."", ""4 distinct relevant transactions with 8 supporting IP/transaction associations.""]"
275,bc1q_demo_0212,7.526490329996756,60.0,0.15052980659993512,0.0,0.0,,5,10,0,"[""Isolation Forest relative anomaly score: 0.151."", ""5 distinct relevant transactions with 10 supporting IP/transaction associations.""]"
276,bc1q_demo_0405,7.4503314557369835,70.66666666666667,0.14900662911473966,0.0,0.0,,6,12,1,"[""Isolation Forest relative anomaly score: 0.149."", ""6 distinct relevant transactions with 12 supporting IP/transaction associations."", ""Repeated network observations: one IP appears in 2 relevant transactions; ownership is not established.""]"
277,bc1q_demo_0495,7.433008920309072,76.0,0.14866017840618143,0.0,0.0,,9,18,0,"[""Isolation Forest relative anomaly score: 0.149."", ""9 distinct relevant transactions with 18 supporting IP/transaction associations.""]"
278,bc1q_demo_0377,7.42677102703278,72.0,0.1485354205406556,0.0,0.0,,8,16,0,"[""Isolation Forest relative anomaly score: 0.149."", ""8 distinct relevant transactions with 16 supporting IP/transaction associations.""]"
279,bc1q_demo_0147,7.4254061522978185,78.66666666666667,0.14850812304595637,0.0,0.0,,8,16,1,"[""Isolation Forest relative anomaly score: 0.149."", ""8 distinct relevant transactions with 16 supporting IP/transaction associations."", ""Repeated network observations: one IP appears in 2 relevant transactions; ownership is not established.""]"
280,bc1q_demo_0114,7.330226912327261,52.0,0.14660453824654524,0.0,0.0,,3,6,0,"[""Isolation Forest relative anomaly score: 0.147."", ""3 distinct relevant transactions with 6 supporting IP/transaction associations.""]"
281,wallet_burst_recipient_demo_17,7.311035928224357,44.0,0.14622071856448715,0.0,0.0,,1,2,0,"[""Isolation Forest relative anomaly score: 0.146."", ""1 distinct relevant transactions with 2 supporting IP/transaction associations.""]"
282,wallet_burst_recipient_demo_27,7.311035928224357,44.0,0.14622071856448715,0.0,0.0,,1,2,0,"[""Isolation Forest relative anomaly score: 0.146."", ""1 distinct relevant transactions with 2 supporting IP/transaction associations.""]"
283,bc1q_demo_0029,7.2995609519459785,68.0,0.14599121903891957,0.0,0.0,,7,14,0,"[""Isolation Forest relative anomaly score: 0.146."", ""7 distinct relevant transactions with 14 supporting IP/transaction associations.""]"
284,bc1q_demo_0112,7.296917924540301,64.0,0.14593835849080602,0.0,0.0,,6,12,0,"[""Isolation Forest relative anomaly score: 0.146."", ""6 distinct relevant transactions with 12 supporting IP/transaction associations.""]"
285,bc1q_demo_0436,7.288927127924463,78.66666666666667,0.14577854255848927,0.0,0.0,,8,16,1,"[""Isolation Forest relative anomaly score: 0.146."", ""8 distinct relevant transactions with 16 supporting IP/transaction associations."", ""Repeated network observations: one IP appears in 2 relevant transactions; ownership is not established.""]"
286,wallet_burst_recipient_demo_18,7.268729463137917,44.0,0.14537458926275834,0.0,0.0,,1,2,0,"[""Isolation Forest relative anomaly score: 0.145."", ""1 distinct relevant transactions with 2 supporting IP/transaction associations.""]"
287,bc1q_demo_0410,7.2654719891078505,52.0,0.14530943978215702,0.0,0.0,,3,6,0,"[""Isolation Forest relative anomaly score: 0.145."", ""3 distinct relevant transactions with 6 supporting IP/transaction associations.""]"
288,wallet_burst_recipient_demo_21,7.261005856411486,44.0,0.14522011712822971,0.0,0.0,,1,2,0,"[""Isolation Forest relative anomaly score: 0.145."", ""1 distinct relevant transactions with 2 supporting IP/transaction associations.""]"
289,wallet_burst_recipient_demo_06,7.252525477205762,44.0,0.14505050954411525,0.0,0.0,,1,2,0,"[""Isolation Forest relative anomaly score: 0.145."", ""1 distinct relevant transactions with 2 supporting IP/transaction associations.""]"
290,bc1q_demo_0454,7.249760099616566,64.0,0.14499520199233132,0.0,0.0,,6,12,0,"[""Isolation Forest relative anomaly score: 0.145."", ""6 distinct relevant transactions with 12 supporting IP/transaction associations.""]"
291,wallet_burst_recipient_demo_13,7.237625503595986,44.0,0.14475251007191972,0.0,0.0,,1,2,0,"[""Isolation Forest relative anomaly score: 0.145."", ""1 distinct relevant transactions with 2 supporting IP/transaction associations.""]"
292,bc1q_demo_0354,7.228830299120877,52.0,0.14457660598241753,0.0,0.0,,3,6,0,"[""Isolation Forest relative anomaly score: 0.145."", ""3 distinct relevant transactions with 6 supporting IP/transaction associations.""]"
293,bc1q_demo_0496,7.228635163858338,72.0,0.14457270327716676,0.0,0.0,,8,16,0,"[""Isolation Forest relative anomaly score: 0.145."", ""8 distinct relevant transactions with 16 supporting IP/transaction associations.""]"
294,bc1q_demo_0161,7.216077055193683,56.0,0.14432154110387366,0.0,0.0,,4,8,0,"[""Isolation Forest relative anomaly score: 0.144."", ""4 distinct relevant transactions with 8 supporting IP/transaction associations.""]"
295,wallet_burst_recipient_demo_05,7.212585047113645,44.0,0.1442517009422729,0.0,0.0,,1,2,0,"[""Isolation Forest relative anomaly score: 0.144."", ""1 distinct relevant transactions with 2 supporting IP/transaction associations.""]"
296,wallet_burst_recipient_demo_29,7.203009647469183,44.0,0.14406019294938366,0.0,0.0,,1,2,0,"[""Isolation Forest relative anomaly score: 0.144."", ""1 distinct relevant transactions with 2 supporting IP/transaction associations.""]"
297,wallet_burst_recipient_demo_01,7.200318402115371,44.0,0.14400636804230743,0.0,0.0,,1,2,0,"[""Isolation Forest relative anomaly score: 0.144."", ""1 distinct relevant transactions with 2 supporting IP/transaction associations.""]"
298,bc1q_demo_0512,7.18341143485977,72.0,0.1436682286971954,0.0,0.0,,8,16,0,"[""Isolation Forest relative anomaly score: 0.144."", ""8 distinct relevant transactions with 16 supporting IP/transaction associations.""]"
299,wallet_burst_recipient_demo_03,7.172148362071552,44.0,0.14344296724143105,0.0,0.0,,1,2,0,"[""Isolation Forest relative anomaly score: 0.143."", ""1 distinct relevant transactions with 2 supporting IP/transaction associations.""]"
300,wallet_burst_recipient_demo_12,7.172148362071552,44.0,0.14344296724143105,0.0,0.0,,1,2,0,"[""Isolation Forest relative anomaly score: 0.143."", ""1 distinct relevant transactions with 2 supporting IP/transaction associations.""]"
301,bc1q_demo_0464,7.151337100998005,52.0,0.1430267420199601,0.0,0.0,,3,6,0,"[""Isolation Forest relative anomaly score: 0.143."", ""3 distinct relevant transactions with 6 supporting IP/transaction associations.""]"
302,wallet_burst_recipient_demo_16,7.151298807837462,44.0,0.14302597615674925,0.0,0.0,,1,2,0,"[""Isolation Forest relative anomaly score: 0.143."", ""1 distinct relevant transactions with 2 supporting IP/transaction associations.""]"
303,bc1q_demo_0456,7.115032834860097,68.0,0.14230065669720193,0.0,0.0,,7,14,0,"[""Isolation Forest relative anomaly score: 0.142."", ""7 distinct relevant transactions with 14 supporting IP/transaction associations.""]"
304,bc1q_demo_0245,7.027141812783349,72.0,0.140542836255667,0.0,0.0,,8,16,0,"[""Isolation Forest relative anomaly score: 0.141."", ""8 distinct relevant transactions with 16 supporting IP/transaction associations.""]"
305,bc1q_demo_0284,7.004549536918855,74.66666666666667,0.1400909907383771,0.0,0.0,,7,14,1,"[""Isolation Forest relative anomaly score: 0.140."", ""7 distinct relevant transactions with 14 supporting IP/transaction associations."", ""Repeated network observations: one IP appears in 2 relevant transactions; ownership is not established.""]"
306,bc1q_demo_0292,6.903881701175296,72.0,0.13807763402350592,0.0,0.0,,8,16,0,"[""Isolation Forest relative anomaly score: 0.138."", ""8 distinct relevant transactions with 16 supporting IP/transaction associations.""]"
307,bc1q_demo_0072,6.900520257544682,52.0,0.13801040515089363,0.0,0.0,,3,6,0,"[""Isolation Forest relative anomaly score: 0.138."", ""3 distinct relevant transactions with 6 supporting IP/transaction associations.""]"
308,bc1q_demo_0559,6.879109062433349,56.0,0.13758218124866697,0.0,0.0,,4,8,0,"[""Isolation Forest relative anomaly score: 0.138."", ""4 distinct relevant transactions with 8 supporting IP/transaction associations.""]"
309,bc1q_demo_0438,6.808398133859571,64.0,0.13616796267719142,0.0,0.0,,6,12,0,"[""Isolation Forest relative anomaly score: 0.136."", ""6 distinct relevant transactions with 12 supporting IP/transaction associations.""]"
310,bc1q_demo_0014,6.780630030243877,68.0,0.13561260060487754,0.0,0.0,,7,14,0,"[""Isolation Forest relative anomaly score: 0.136."", ""7 distinct relevant transactions with 14 supporting IP/transaction associations.""]"
311,bc1q_demo_0385,6.7484457237775315,68.0,0.13496891447555062,0.0,0.0,,7,14,0,"[""Isolation Forest relative anomaly score: 0.135."", ""7 distinct relevant transactions with 14 supporting IP/transaction associations.""]"
312,bc1q_demo_0511,6.7379572646618495,64.0,0.134759145293237,0.0,0.0,,6,12,0,"[""Isolation Forest relative anomaly score: 0.135."", ""6 distinct relevant transactions with 12 supporting IP/transaction associations.""]"
313,bc1q_demo_0033,6.728069214287405,82.66666666666667,0.1345613842857481,0.0,0.0,,9,18,1,"[""Isolation Forest relative anomaly score: 0.135."", ""9 distinct relevant transactions with 18 supporting IP/transaction associations."", ""Repeated network observations: one IP appears in 2 relevant transactions; ownership is not established.""]"
314,bc1q_demo_0022,6.714701213212071,70.66666666666667,0.13429402426424142,0.0,0.0,,6,12,1,"[""Isolation Forest relative anomaly score: 0.134."", ""6 distinct relevant transactions with 12 supporting IP/transaction associations."", ""Repeated network observations: one IP appears in 2 relevant transactions; ownership is not established.""]"
315,bc1q_demo_0197,6.70829404845133,76.0,0.1341658809690266,0.0,0.0,,9,18,0,"[""Isolation Forest relative anomaly score: 0.134."", ""9 distinct relevant transactions with 18 supporting IP/transaction associations.""]"
316,bc1q_demo_0248,6.674848867848017,52.0,0.13349697735696034,0.0,0.0,,3,6,0,"[""Isolation Forest relative anomaly score: 0.133."", ""3 distinct relevant transactions with 6 supporting IP/transaction associations.""]"
317,bc1q_demo_0331,6.6659160828797495,82.66666666666667,0.133318321657595,0.0,0.0,,9,18,1,"[""Isolation Forest relative anomaly score: 0.133."", ""9 distinct relevant transactions with 18 supporting IP/transaction associations."", ""Repeated network observations: one IP appears in 2 relevant transactions; ownership is not established.""]"
318,bc1q_demo_0522,6.595130170836598,60.0,0.13190260341673196,0.0,0.0,,5,10,0,"[""Isolation Forest relative anomaly score: 0.132."", ""5 distinct relevant transactions with 10 supporting IP/transaction associations.""]"
319,bc1q_demo_0482,6.5935017629100106,52.0,0.1318700352582002,0.0,0.0,,3,6,0,"[""Isolation Forest relative anomaly score: 0.132."", ""3 distinct relevant transactions with 6 supporting IP/transaction associations.""]"
320,bc1q_demo_0111,6.5654956453282525,82.66666666666667,0.13130991290656505,0.0,0.0,,9,18,1,"[""Isolation Forest relative anomaly score: 0.131."", ""9 distinct relevant transactions with 18 supporting IP/transaction associations."", ""Repeated network observations: one IP appears in 2 relevant transactions; ownership is not established.""]"
321,bc1q_demo_0587,6.516169636813965,52.0,0.1303233927362793,0.0,0.0,,3,6,0,"[""Isolation Forest relative anomaly score: 0.130."", ""3 distinct relevant transactions with 6 supporting IP/transaction associations.""]"
322,bc1q_demo_0206,6.468389697491656,52.0,0.1293677939498331,0.0,0.0,,3,6,0,"[""Isolation Forest relative anomaly score: 0.129."", ""3 distinct relevant transactions with 6 supporting IP/transaction associations.""]"
323,bc1q_demo_0362,6.461751290567529,56.0,0.12923502581135057,0.0,0.0,,4,8,0,"[""Isolation Forest relative anomaly score: 0.129."", ""4 distinct relevant transactions with 8 supporting IP/transaction associations.""]"
324,bc1q_demo_0315,6.450151639402097,81.33333333333333,0.12900303278804193,0.0,0.0,,7,14,2,"[""Isolation Forest relative anomaly score: 0.129."", ""7 distinct relevant transactions with 14 supporting IP/transaction associations."", ""Repeated network observations: one IP appears in 3 relevant transactions; ownership is not established.""]"
325,bc1q_demo_0528,6.438052417950976,68.0,0.12876104835901953,0.0,0.0,,7,14,0,"[""Isolation Forest relative anomaly score: 0.129."", ""7 distinct relevant transactions with 14 supporting IP/transaction associations.""]"
326,bc1q_demo_0006,6.430897812009821,78.66666666666667,0.12861795624019642,0.0,0.0,,8,16,1,"[""Isolation Forest relative anomaly score: 0.129."", ""8 distinct relevant transactions with 16 supporting IP/transaction associations."", ""Repeated network observations: one IP appears in 2 relevant transactions; ownership is not established.""]"
327,bc1q_demo_0443,6.392459875841173,60.0,0.12784919751682344,0.0,0.0,,5,10,0,"[""Isolation Forest relative anomaly score: 0.128."", ""5 distinct relevant transactions with 10 supporting IP/transaction associations.""]"
328,bc1q_demo_0389,6.374861490602708,56.0,0.12749722981205416,0.0,0.0,,4,8,0,"[""Isolation Forest relative anomaly score: 0.127."", ""4 distinct relevant transactions with 8 supporting IP/transaction associations.""]"
329,bc1q_demo_0128,6.359794161470387,82.66666666666667,0.12719588322940775,0.0,0.0,,9,18,1,"[""Isolation Forest relative anomaly score: 0.127."", ""9 distinct relevant transactions with 18 supporting IP/transaction associations."", ""Repeated network observations: one IP appears in 2 relevant transactions; ownership is not established.""]"
330,bc1q_demo_0547,6.344334051046721,76.0,0.12688668102093442,0.0,0.0,,9,18,0,"[""Isolation Forest relative anomaly score: 0.127."", ""9 distinct relevant transactions with 18 supporting IP/transaction associations.""]"
331,bc1q_demo_0569,6.2694247383183965,64.0,0.12538849476636793,0.0,0.0,,6,12,0,"[""Isolation Forest relative anomaly score: 0.125."", ""6 distinct relevant transactions with 12 supporting IP/transaction associations.""]"
332,bc1q_demo_0134,6.267761291214481,68.0,0.12535522582428962,0.0,0.0,,7,14,0,"[""Isolation Forest relative anomaly score: 0.125."", ""7 distinct relevant transactions with 14 supporting IP/transaction associations.""]"
333,bc1q_demo_0382,6.232358665967263,64.0,0.12464717331934527,0.0,0.0,,6,12,0,"[""Isolation Forest relative anomaly score: 0.125."", ""6 distinct relevant transactions with 12 supporting IP/transaction associations.""]"
334,bc1q_demo_0179,6.2150844917256585,56.0,0.12430168983451317,0.0,0.0,,4,8,0,"[""Isolation Forest relative anomaly score: 0.124."", ""4 distinct relevant transactions with 8 supporting IP/transaction associations.""]"
335,bc1q_demo_0116,6.172062169912609,72.0,0.12344124339825217,0.0,0.0,,8,16,0,"[""Isolation Forest relative anomaly score: 0.123."", ""8 distinct relevant transactions with 16 supporting IP/transaction associations.""]"
336,bc1q_demo_0368,6.1673166611015136,70.66666666666667,0.12334633322203027,0.0,0.0,,6,12,1,"[""Isolation Forest relative anomaly score: 0.123."", ""6 distinct relevant transactions with 12 supporting IP/transaction associations."", ""Repeated network observations: one IP appears in 2 relevant transactions; ownership is not established.""]"
337,bc1q_demo_0285,6.164925596944075,52.0,0.1232985119388815,0.0,0.0,,3,6,0,"[""Isolation Forest relative anomaly score: 0.123."", ""3 distinct relevant transactions with 6 supporting IP/transaction associations.""]"
338,bc1q_demo_0473,6.162066399411013,52.0,0.12324132798822027,0.0,0.0,,3,6,0,"[""Isolation Forest relative anomaly score: 0.123."", ""3 distinct relevant transactions with 6 supporting IP/transaction associations.""]"
339,bc1q_demo_0571,6.141509744528903,56.0,0.12283019489057805,0.0,0.0,,4,8,0,"[""Isolation Forest relative anomaly score: 0.123."", ""4 distinct relevant transactions with 8 supporting IP/transaction associations.""]"
340,bc1q_demo_0269,6.137520210611402,52.0,0.12275040421222805,0.0,0.0,,3,6,0,"[""Isolation Forest relative anomaly score: 0.123."", ""3 distinct relevant transactions with 6 supporting IP/transaction associations.""]"
341,bc1q_demo_0060,6.095854428875303,56.0,0.12191708857750606,0.0,0.0,,4,8,0,"[""Isolation Forest relative anomaly score: 0.122."", ""4 distinct relevant transactions with 8 supporting IP/transaction associations.""]"
342,bc1q_demo_0424,6.093987761477438,52.0,0.12187975522954876,0.0,0.0,,3,6,0,"[""Isolation Forest relative anomaly score: 0.122."", ""3 distinct relevant transactions with 6 supporting IP/transaction associations.""]"
343,bc1q_demo_0214,6.068733208362072,52.0,0.12137466416724145,0.0,0.0,,3,6,0,"[""Isolation Forest relative anomaly score: 0.121."", ""3 distinct relevant transactions with 6 supporting IP/transaction associations.""]"
344,bc1q_demo_0392,6.067250351232305,72.0,0.1213450070246461,0.0,0.0,,8,16,0,"[""Isolation Forest relative anomaly score: 0.121."", ""8 distinct relevant transactions with 16 supporting IP/transaction associations.""]"
345,bc1q_demo_0063,6.057797401535582,64.0,0.12115594803071164,0.0,0.0,,6,12,0,"[""Isolation Forest relative anomaly score: 0.121."", ""6 distinct relevant transactions with 12 supporting IP/transaction associations.""]"
346,bc1q_demo_0247,6.0416588583819975,68.0,0.12083317716763996,0.0,0.0,,7,14,0,"[""Isolation Forest relative anomaly score: 0.121."", ""7 distinct relevant transactions with 14 supporting IP/transaction associations.""]"
347,bc1q_demo_0266,6.036329602176002,64.0,0.12072659204352003,0.0,0.0,,6,12,0,"[""Isolation Forest relative anomaly score: 0.121."", ""6 distinct relevant transactions with 12 supporting IP/transaction associations.""]"
348,bc1q_demo_0028,6.016553296388239,56.0,0.12033106592776478,0.0,0.0,,4,8,0,"[""Isolation Forest relative anomaly score: 0.120."", ""4 distinct relevant transactions with 8 supporting IP/transaction associations.""]"
349,bc1q_demo_0024,6.010889613977914,76.0,0.12021779227955828,0.0,0.0,,9,18,0,"[""Isolation Forest relative anomaly score: 0.120."", ""9 distinct relevant transactions with 18 supporting IP/transaction associations.""]"
350,bc1q_demo_0339,6.005367977009506,48.0,0.12010735954019013,0.0,0.0,,2,4,0,"[""Isolation Forest relative anomaly score: 0.120."", ""2 distinct relevant transactions with 4 supporting IP/transaction associations.""]"
351,bc1q_demo_0384,5.979664232694443,72.0,0.11959328465388885,0.0,0.0,,8,16,0,"[""Isolation Forest relative anomaly score: 0.120."", ""8 distinct relevant transactions with 16 supporting IP/transaction associations.""]"
352,bc1q_demo_0588,5.941803010878529,68.0,0.11883606021757058,0.0,0.0,,7,14,0,"[""Isolation Forest relative anomaly score: 0.119."", ""7 distinct relevant transactions with 14 supporting IP/transaction associations.""]"
353,bc1q_demo_0439,5.887071928718614,64.0,0.11774143857437228,0.0,0.0,,6,12,0,"[""Isolation Forest relative anomaly score: 0.118."", ""6 distinct relevant transactions with 12 supporting IP/transaction associations.""]"
354,bc1q_demo_0074,5.8363831591029784,56.0,0.11672766318205957,0.0,0.0,,4,8,0,"[""Isolation Forest relative anomaly score: 0.117."", ""4 distinct relevant transactions with 8 supporting IP/transaction associations.""]"
355,bc1q_demo_0207,5.835442514917848,60.0,0.11670885029835697,0.0,0.0,,5,10,0,"[""Isolation Forest relative anomaly score: 0.117."", ""5 distinct relevant transactions with 10 supporting IP/transaction associations.""]"
356,bc1q_demo_0070,5.777723028906941,52.0,0.11555446057813881,0.0,0.0,,3,6,0,"[""Isolation Forest relative anomaly score: 0.116."", ""3 distinct relevant transactions with 6 supporting IP/transaction associations.""]"
357,bc1q_demo_0371,5.777222368306409,72.0,0.11554444736612816,0.0,0.0,,8,16,0,"[""Isolation Forest relative anomaly score: 0.116."", ""8 distinct relevant transactions with 16 supporting IP/transaction associations.""]"
358,bc1q_demo_0577,5.768945021760799,52.0,0.11537890043521598,0.0,0.0,,3,6,0,"[""Isolation Forest relative anomaly score: 0.115."", ""3 distinct relevant transactions with 6 supporting IP/transaction associations.""]"
359,bc1q_demo_0234,5.767866259370637,56.0,0.11535732518741273,0.0,0.0,,4,8,0,"[""Isolation Forest relative anomaly score: 0.115."", ""4 distinct relevant transactions with 8 supporting IP/transaction associations.""]"
360,bc1q_demo_0154,5.7566766454929486,52.0,0.11513353290985898,0.0,0.0,,3,6,0,"[""Isolation Forest relative anomaly score: 0.115."", ""3 distinct relevant transactions with 6 supporting IP/transaction associations.""]"
361,bc1q_demo_0035,5.724803206613108,76.0,0.11449606413226215,0.0,0.0,,9,18,0,"[""Isolation Forest relative anomaly score: 0.114."", ""9 distinct relevant transactions with 18 supporting IP/transaction associations.""]"
362,bc1q_demo_0243,5.712266381122613,64.0,0.11424532762245226,0.0,0.0,,6,12,0,"[""Isolation Forest relative anomaly score: 0.114."", ""6 distinct relevant transactions with 12 supporting IP/transaction associations.""]"
363,bc1q_demo_0524,5.690230152510401,56.0,0.11380460305020802,0.0,0.0,,4,8,0,"[""Isolation Forest relative anomaly score: 0.114."", ""4 distinct relevant transactions with 8 supporting IP/transaction associations.""]"
364,bc1q_demo_0079,5.648980218335399,68.0,0.112979604366708,0.0,0.0,,7,14,0,"[""Isolation Forest relative anomaly score: 0.113."", ""7 distinct relevant transactions with 14 supporting IP/transaction associations.""]"
365,bc1q_demo_0537,5.628823235959655,72.0,0.1125764647191931,0.0,0.0,,8,16,0,"[""Isolation Forest relative anomaly score: 0.113."", ""8 distinct relevant transactions with 16 supporting IP/transaction associations.""]"
366,bc1q_demo_0053,5.619918341221446,64.0,0.11239836682442891,0.0,0.0,,6,12,0,"[""Isolation Forest relative anomaly score: 0.112."", ""6 distinct relevant transactions with 12 supporting IP/transaction associations.""]"
367,bc1q_demo_0071,5.586691203094488,60.0,0.11173382406188977,0.0,0.0,,5,10,0,"[""Isolation Forest relative anomaly score: 0.112."", ""5 distinct relevant transactions with 10 supporting IP/transaction associations.""]"
368,bc1q_demo_0328,5.550101615132705,56.0,0.11100203230265411,0.0,0.0,,4,8,0,"[""Isolation Forest relative anomaly score: 0.111."", ""4 distinct relevant transactions with 8 supporting IP/transaction associations.""]"
369,bc1q_demo_0164,5.543669347863767,72.0,0.11087338695727533,0.0,0.0,,8,16,0,"[""Isolation Forest relative anomaly score: 0.111."", ""8 distinct relevant transactions with 16 supporting IP/transaction associations.""]"
370,bc1q_demo_0463,5.499101199358503,76.0,0.10998202398717005,0.0,0.0,,9,18,0,"[""Isolation Forest relative anomaly score: 0.110."", ""9 distinct relevant transactions with 18 supporting IP/transaction associations.""]"
371,bc1q_demo_0182,5.480678662989148,52.0,0.10961357325978296,0.0,0.0,,3,6,0,"[""Isolation Forest relative anomaly score: 0.110."", ""3 distinct relevant transactions with 6 supporting IP/transaction associations.""]"
372,bc1q_demo_0333,5.468003715390296,72.0,0.10936007430780592,0.0,0.0,,8,16,0,"[""Isolation Forest relative anomaly score: 0.109."", ""8 distinct relevant transactions with 16 supporting IP/transaction associations.""]"
373,bc1q_demo_0431,5.464840447378554,56.0,0.10929680894757109,0.0,0.0,,4,8,0,"[""Isolation Forest relative anomaly score: 0.109."", ""4 distinct relevant transactions with 8 supporting IP/transaction associations.""]"
374,bc1q_demo_0011,5.4645870572848505,72.0,0.10929174114569701,0.0,0.0,,8,16,0,"[""Isolation Forest relative anomaly score: 0.109."", ""8 distinct relevant transactions with 16 supporting IP/transaction associations.""]"
375,bc1q_demo_0534,5.455033507281949,76.0,0.10910067014563898,0.0,0.0,,9,18,0,"[""Isolation Forest relative anomaly score: 0.109."", ""9 distinct relevant transactions with 18 supporting IP/transaction associations.""]"
376,bc1q_demo_0126,5.428321352532406,64.0,0.10856642705064813,0.0,0.0,,6,12,0,"[""Isolation Forest relative anomaly score: 0.109."", ""6 distinct relevant transactions with 12 supporting IP/transaction associations.""]"
377,bc1q_demo_0538,5.418858344444379,60.0,0.10837716688888757,0.0,0.0,,5,10,0,"[""Isolation Forest relative anomaly score: 0.108."", ""5 distinct relevant transactions with 10 supporting IP/transaction associations.""]"
378,bc1q_demo_0329,5.384405754539377,68.0,0.10768811509078755,0.0,0.0,,7,14,0,"[""Isolation Forest relative anomaly score: 0.108."", ""7 distinct relevant transactions with 14 supporting IP/transaction associations.""]"
379,bc1q_demo_0399,5.290685744046991,68.0,0.10581371488093982,0.0,0.0,,7,14,0,"[""Isolation Forest relative anomaly score: 0.106."", ""7 distinct relevant transactions with 14 supporting IP/transaction associations.""]"
380,bc1q_demo_0065,5.277008388035627,64.0,0.10554016776071254,0.0,0.0,,6,12,0,"[""Isolation Forest relative anomaly score: 0.106."", ""6 distinct relevant transactions with 12 supporting IP/transaction associations.""]"
381,bc1q_demo_0226,5.250040325641241,76.0,0.10500080651282483,0.0,0.0,,9,18,0,"[""Isolation Forest relative anomaly score: 0.105."", ""9 distinct relevant transactions with 18 supporting IP/transaction associations.""]"
382,bc1q_demo_0501,5.244104972830134,60.0,0.10488209945660268,0.0,0.0,,5,10,0,"[""Isolation Forest relative anomaly score: 0.105."", ""5 distinct relevant transactions with 10 supporting IP/transaction associations.""]"
383,bc1q_demo_0218,5.237779508766669,64.0,0.10475559017533338,0.0,0.0,,6,12,0,"[""Isolation Forest relative anomaly score: 0.105."", ""6 distinct relevant transactions with 12 supporting IP/transaction associations.""]"
384,bc1q_demo_0508,5.223011966208606,68.0,0.10446023932417212,0.0,0.0,,7,14,0,"[""Isolation Forest relative anomaly score: 0.104."", ""7 distinct relevant transactions with 14 supporting IP/transaction associations.""]"
385,bc1q_demo_0221,5.195860426293262,56.0,0.10391720852586524,0.0,0.0,,4,8,0,"[""Isolation Forest relative anomaly score: 0.104."", ""4 distinct relevant transactions with 8 supporting IP/transaction associations.""]"
386,bc1q_demo_0228,5.185136093771641,70.66666666666667,0.10370272187543282,0.0,0.0,,6,12,1,"[""Isolation Forest relative anomaly score: 0.104."", ""6 distinct relevant transactions with 12 supporting IP/transaction associations."", ""Repeated network observations: one IP appears in 2 relevant transactions; ownership is not established.""]"
387,bc1q_demo_0483,5.180763925806884,68.0,0.1036152785161377,0.0,0.0,,7,14,0,"[""Isolation Forest relative anomaly score: 0.104."", ""7 distinct relevant transactions with 14 supporting IP/transaction associations.""]"
388,bc1q_demo_0353,5.159420017098082,68.0,0.10318840034196164,0.0,0.0,,7,14,0,"[""Isolation Forest relative anomaly score: 0.103."", ""7 distinct relevant transactions with 14 supporting IP/transaction associations.""]"
389,bc1q_demo_0504,5.156952585387893,52.0,0.10313905170775786,0.0,0.0,,3,6,0,"[""Isolation Forest relative anomaly score: 0.103."", ""3 distinct relevant transactions with 6 supporting IP/transaction associations.""]"
390,bc1q_demo_0282,5.152256155176049,76.0,0.10304512310352099,0.0,0.0,,9,18,0,"[""Isolation Forest relative anomaly score: 0.103."", ""9 distinct relevant transactions with 18 supporting IP/transaction associations.""]"
391,bc1q_demo_0555,5.143275685130861,56.0,0.10286551370261723,0.0,0.0,,4,8,0,"[""Isolation Forest relative anomaly score: 0.103."", ""4 distinct relevant transactions with 8 supporting IP/transaction associations.""]"
392,bc1q_demo_0194,5.138996956219992,56.0,0.10277993912439984,0.0,0.0,,4,8,0,"[""Isolation Forest relative anomaly score: 0.103."", ""4 distinct relevant transactions with 8 supporting IP/transaction associations.""]"
393,bc1q_demo_0383,5.120086503085748,56.0,0.10240173006171496,0.0,0.0,,4,8,0,"[""Isolation Forest relative anomaly score: 0.102."", ""4 distinct relevant transactions with 8 supporting IP/transaction associations.""]"
394,bc1q_demo_0475,5.11660202135839,64.0,0.1023320404271678,0.0,0.0,,6,12,0,"[""Isolation Forest relative anomaly score: 0.102."", ""6 distinct relevant transactions with 12 supporting IP/transaction associations.""]"
395,bc1q_demo_0025,5.1000331514109,60.0,0.10200066302821799,0.0,0.0,,5,10,0,"[""Isolation Forest relative anomaly score: 0.102."", ""5 distinct relevant transactions with 10 supporting IP/transaction associations.""]"
396,bc1q_demo_0550,5.080531859997165,60.0,0.1016106371999433,0.0,0.0,,5,10,0,"[""Isolation Forest relative anomaly score: 0.102."", ""5 distinct relevant transactions with 10 supporting IP/transaction associations.""]"
397,bc1q_demo_0293,5.077166027268663,52.0,0.10154332054537327,0.0,0.0,,3,6,0,"[""Isolation Forest relative anomaly score: 0.102."", ""3 distinct relevant transactions with 6 supporting IP/transaction associations.""]"
398,bc1q_demo_0280,5.0677566576832,64.0,0.10135513315366398,0.0,0.0,,6,12,0,"[""Isolation Forest relative anomaly score: 0.101."", ""6 distinct relevant transactions with 12 supporting IP/transaction associations.""]"
399,bc1q_demo_0195,5.047650600885446,56.0,0.10095301201770893,0.0,0.0,,4,8,0,"[""Isolation Forest relative anomaly score: 0.101."", ""4 distinct relevant transactions with 8 supporting IP/transaction associations.""]"
400,bc1q_demo_0089,5.027664102878834,68.0,0.10055328205757667,0.0,0.0,,7,14,0,"[""Isolation Forest relative anomaly score: 0.101."", ""7 distinct relevant transactions with 14 supporting IP/transaction associations.""]"
401,bc1q_demo_0277,5.007718920420314,68.0,0.10015437840840627,0.0,0.0,,7,14,0,"[""Isolation Forest relative anomaly score: 0.100."", ""7 distinct relevant transactions with 14 supporting IP/transaction associations.""]"
402,bc1q_demo_0258,4.987447510695396,66.66666666666667,0.09974895021390791,0.0,0.0,,5,10,1,"[""Isolation Forest relative anomaly score: 0.100."", ""5 distinct relevant transactions with 10 supporting IP/transaction associations."", ""Repeated network observations: one IP appears in 2 relevant transactions; ownership is not established.""]"
403,bc1q_demo_0514,4.9823240594345455,64.0,0.0996464811886909,0.0,0.0,,6,12,0,"[""Isolation Forest relative anomaly score: 0.100."", ""6 distinct relevant transactions with 12 supporting IP/transaction associations.""]"
404,bc1q_demo_0313,4.937212592249469,60.0,0.09874425184498938,0.0,0.0,,5,10,0,"[""Isolation Forest relative anomaly score: 0.099."", ""5 distinct relevant transactions with 10 supporting IP/transaction associations.""]"
405,bc1q_demo_0510,4.929494121358777,78.66666666666667,0.09858988242717555,0.0,0.0,,8,16,1,"[""Isolation Forest relative anomaly score: 0.099."", ""8 distinct relevant transactions with 16 supporting IP/transaction associations."", ""Repeated network observations: one IP appears in 2 relevant transactions; ownership is not established.""]"
406,bc1q_demo_0469,4.920548707369767,72.0,0.09841097414739534,0.0,0.0,,8,16,0,"[""Isolation Forest relative anomaly score: 0.098."", ""8 distinct relevant transactions with 16 supporting IP/transaction associations.""]"
407,bc1q_demo_0019,4.904859616030688,56.0,0.09809719232061376,0.0,0.0,,4,8,0,"[""Isolation Forest relative anomaly score: 0.098."", ""4 distinct relevant transactions with 8 supporting IP/transaction associations.""]"
408,bc1q_demo_0133,4.879843716606377,72.0,0.09759687433212753,0.0,0.0,,8,16,0,"[""Isolation Forest relative anomaly score: 0.098."", ""8 distinct relevant transactions with 16 supporting IP/transaction associations.""]"
409,bc1q_demo_0090,4.863029284327249,72.0,0.09726058568654498,0.0,0.0,,8,16,0,"[""Isolation Forest relative anomaly score: 0.097."", ""8 distinct relevant transactions with 16 supporting IP/transaction associations.""]"
410,bc1q_demo_0257,4.851200290207509,81.33333333333333,0.09702400580415019,0.0,0.0,,7,14,2,"[""Isolation Forest relative anomaly score: 0.097."", ""7 distinct relevant transactions with 14 supporting IP/transaction associations."", ""Repeated network observations: one IP appears in 3 relevant transactions; ownership is not established.""]"
411,bc1q_demo_0420,4.846586105512144,64.0,0.09693172211024288,0.0,0.0,,6,12,0,"[""Isolation Forest relative anomaly score: 0.097."", ""6 distinct relevant transactions with 12 supporting IP/transaction associations.""]"
412,bc1q_demo_0015,4.833296795971083,60.0,0.09666593591942166,0.0,0.0,,5,10,0,"[""Isolation Forest relative anomaly score: 0.097."", ""5 distinct relevant transactions with 10 supporting IP/transaction associations.""]"
413,bc1q_demo_0332,4.820559956504126,76.0,0.09641119913008252,0.0,0.0,,9,18,0,"[""Isolation Forest relative anomaly score: 0.096."", ""9 distinct relevant transactions with 18 supporting IP/transaction associations.""]"
414,bc1q_demo_0268,4.816237309610226,74.66666666666667,0.0963247461922045,0.0,0.0,,7,14,1,"[""Isolation Forest relative anomaly score: 0.096."", ""7 distinct relevant transactions with 14 supporting IP/transaction associations."", ""Repeated network observations: one IP appears in 2 relevant transactions; ownership is not established.""]"
415,bc1q_demo_0187,4.800097731984483,56.0,0.09600195463968965,0.0,0.0,,4,8,0,"[""Isolation Forest relative anomaly score: 0.096."", ""4 distinct relevant transactions with 8 supporting IP/transaction associations.""]"
416,bc1q_demo_0017,4.761376442994008,64.0,0.09522752885988016,0.0,0.0,,6,12,0,"[""Isolation Forest relative anomaly score: 0.095."", ""6 distinct relevant transactions with 12 supporting IP/transaction associations.""]"
417,bc1q_demo_0545,4.74365757587661,60.0,0.0948731515175322,0.0,0.0,,5,10,0,"[""Isolation Forest relative anomaly score: 0.095."", ""5 distinct relevant transactions with 10 supporting IP/transaction associations.""]"
418,bc1q_demo_0327,4.717617275460334,56.0,0.09435234550920668,0.0,0.0,,4,8,0,"[""Isolation Forest relative anomaly score: 0.094."", ""4 distinct relevant transactions with 8 supporting IP/transaction associations.""]"
419,bc1q_demo_0423,4.706625013200256,52.0,0.09413250026400512,0.0,0.0,,3,6,0,"[""Isolation Forest relative anomaly score: 0.094."", ""3 distinct relevant transactions with 6 supporting IP/transaction associations.""]"
420,bc1q_demo_0150,4.673095783835565,60.0,0.0934619156767113,0.0,0.0,,5,10,0,"[""Isolation Forest relative anomaly score: 0.093."", ""5 distinct relevant transactions with 10 supporting IP/transaction associations.""]"
421,bc1q_demo_0356,4.66976931748108,60.0,0.0933953863496216,0.0,0.0,,5,10,0,"[""Isolation Forest relative anomaly score: 0.093."", ""5 distinct relevant transactions with 10 supporting IP/transaction associations.""]"
422,bc1q_demo_0308,4.634583796792822,70.66666666666667,0.09269167593585644,0.0,0.0,,6,12,1,"[""Isolation Forest relative anomaly score: 0.093."", ""6 distinct relevant transactions with 12 supporting IP/transaction associations."", ""Repeated network observations: one IP appears in 2 relevant transactions; ownership is not established.""]"
423,bc1q_demo_0117,4.592516701519096,72.0,0.09185033403038192,0.0,0.0,,8,16,0,"[""Isolation Forest relative anomaly score: 0.092."", ""8 distinct relevant transactions with 16 supporting IP/transaction associations.""]"
424,bc1q_demo_0599,4.548934352179812,64.0,0.09097868704359623,0.0,0.0,,6,12,0,"[""Isolation Forest relative anomaly score: 0.091."", ""6 distinct relevant transactions with 12 supporting IP/transaction associations.""]"
425,bc1q_demo_0573,4.524790498524448,70.66666666666667,0.09049580997048895,0.0,0.0,,6,12,1,"[""Isolation Forest relative anomaly score: 0.090."", ""6 distinct relevant transactions with 12 supporting IP/transaction associations."", ""Repeated network observations: one IP appears in 2 relevant transactions; ownership is not established.""]"
426,bc1q_demo_0199,4.521146893410076,70.66666666666667,0.09042293786820152,0.0,0.0,,6,12,1,"[""Isolation Forest relative anomaly score: 0.090."", ""6 distinct relevant transactions with 12 supporting IP/transaction associations."", ""Repeated network observations: one IP appears in 2 relevant transactions; ownership is not established.""]"
427,bc1q_demo_0490,4.4888686444640165,52.0,0.08977737288928032,0.0,0.0,,3,6,0,"[""Isolation Forest relative anomaly score: 0.090."", ""3 distinct relevant transactions with 6 supporting IP/transaction associations.""]"
428,bc1q_demo_0149,4.486275745529062,68.0,0.08972551491058123,0.0,0.0,,7,14,0,"[""Isolation Forest relative anomaly score: 0.090."", ""7 distinct relevant transactions with 14 supporting IP/transaction associations.""]"
429,bc1q_demo_0086,4.479930176489124,78.66666666666667,0.08959860352978248,0.0,0.0,,8,16,1,"[""Isolation Forest relative anomaly score: 0.090."", ""8 distinct relevant transactions with 16 supporting IP/transaction associations."", ""Repeated network observations: one IP appears in 2 relevant transactions; ownership is not established.""]"
430,bc1q_demo_0348,4.4734009097151,60.0,0.08946801819430202,0.0,0.0,,5,10,0,"[""Isolation Forest relative anomaly score: 0.089."", ""5 distinct relevant transactions with 10 supporting IP/transaction associations.""]"
431,bc1q_demo_0127,4.465825058802894,52.0,0.08931650117605788,0.0,0.0,,3,6,0,"[""Isolation Forest relative anomaly score: 0.089."", ""3 distinct relevant transactions with 6 supporting IP/transaction associations.""]"
432,bc1q_demo_0273,4.465605690084463,64.0,0.08931211380168927,0.0,0.0,,6,12,0,"[""Isolation Forest relative anomaly score: 0.089."", ""6 distinct relevant transactions with 12 supporting IP/transaction associations.""]"
433,bc1q_demo_0585,4.464344056442595,52.0,0.0892868811288519,0.0,0.0,,3,6,0,"[""Isolation Forest relative anomaly score: 0.089."", ""3 distinct relevant transactions with 6 supporting IP/transaction associations.""]"
434,bc1q_demo_0170,4.4509020790947496,64.0,0.08901804158189498,0.0,0.0,,6,12,0,"[""Isolation Forest relative anomaly score: 0.089."", ""6 distinct relevant transactions with 12 supporting IP/transaction associations.""]"
435,bc1q_demo_0597,4.450323759509091,56.0,0.08900647519018182,0.0,0.0,,4,8,0,"[""Isolation Forest relative anomaly score: 0.089."", ""4 distinct relevant transactions with 8 supporting IP/transaction associations.""]"
436,bc1q_demo_0451,4.4502568559451445,64.0,0.08900513711890289,0.0,0.0,,6,12,0,"[""Isolation Forest relative anomaly score: 0.089."", ""6 distinct relevant transactions with 12 supporting IP/transaction associations.""]"
437,bc1q_demo_0174,4.426745166672818,68.0,0.08853490333345637,0.0,0.0,,7,14,0,"[""Isolation Forest relative anomaly score: 0.089."", ""7 distinct relevant transactions with 14 supporting IP/transaction associations.""]"
438,bc1q_demo_0190,4.42155025486547,72.0,0.0884310050973094,0.0,0.0,,8,16,0,"[""Isolation Forest relative anomaly score: 0.088."", ""8 distinct relevant transactions with 16 supporting IP/transaction associations.""]"
439,bc1q_demo_0578,4.411923694519464,68.0,0.08823847389038929,0.0,0.0,,7,14,0,"[""Isolation Forest relative anomaly score: 0.088."", ""7 distinct relevant transactions with 14 supporting IP/transaction associations.""]"
440,bc1q_demo_0397,4.34612917999056,68.0,0.0869225835998112,0.0,0.0,,7,14,0,"[""Isolation Forest relative anomaly score: 0.087."", ""7 distinct relevant transactions with 14 supporting IP/transaction associations.""]"
441,bc1q_demo_0498,4.3391089377812175,72.0,0.08678217875562436,0.0,0.0,,8,16,0,"[""Isolation Forest relative anomaly score: 0.087."", ""8 distinct relevant transactions with 16 supporting IP/transaction associations.""]"
442,bc1q_demo_0159,4.327565887662504,74.66666666666667,0.08655131775325009,0.0,0.0,,7,14,1,"[""Isolation Forest relative anomaly score: 0.087."", ""7 distinct relevant transactions with 14 supporting IP/transaction associations."", ""Repeated network observations: one IP appears in 2 relevant transactions; ownership is not established.""]"
443,bc1q_demo_0521,4.321602031513881,56.0,0.08643204063027761,0.0,0.0,,4,8,0,"[""Isolation Forest relative anomaly score: 0.086."", ""4 distinct relevant transactions with 8 supporting IP/transaction associations.""]"
444,bc1q_demo_0125,4.1789711778267025,68.0,0.08357942355653405,0.0,0.0,,7,14,0,"[""Isolation Forest relative anomaly score: 0.084."", ""7 distinct relevant transactions with 14 supporting IP/transaction associations.""]"
445,bc1q_demo_0186,4.163521883317099,60.0,0.08327043766634198,0.0,0.0,,5,10,0,"[""Isolation Forest relative anomaly score: 0.083."", ""5 distinct relevant transactions with 10 supporting IP/transaction associations.""]"
446,bc1q_demo_0556,4.158970598507128,60.0,0.08317941197014256,0.0,0.0,,5,10,0,"[""Isolation Forest relative anomaly score: 0.083."", ""5 distinct relevant transactions with 10 supporting IP/transaction associations.""]"
447,bc1q_demo_0013,4.152844638761313,74.66666666666667,0.08305689277522627,0.0,0.0,,7,14,1,"[""Isolation Forest relative anomaly score: 0.083."", ""7 distinct relevant transactions with 14 supporting IP/transaction associations."", ""Repeated network observations: one IP appears in 2 relevant transactions; ownership is not established.""]"
448,bc1q_demo_0185,4.124257405656445,72.0,0.0824851481131289,0.0,0.0,,8,16,0,"[""Isolation Forest relative anomaly score: 0.082."", ""8 distinct relevant transactions with 16 supporting IP/transaction associations.""]"
449,bc1q_demo_0361,4.1054487802506205,60.0,0.0821089756050124,0.0,0.0,,5,10,0,"[""Isolation Forest relative anomaly score: 0.082."", ""5 distinct relevant transactions with 10 supporting IP/transaction associations.""]"
450,bc1q_demo_0396,4.0772710163497425,56.0,0.08154542032699486,0.0,0.0,,4,8,0,"[""Isolation Forest relative anomaly score: 0.082."", ""4 distinct relevant transactions with 8 supporting IP/transaction associations.""]"
451,bc1q_demo_0092,4.066149097017469,72.0,0.08132298194034938,0.0,0.0,,8,16,0,"[""Isolation Forest relative anomaly score: 0.081."", ""8 distinct relevant transactions with 16 supporting IP/transaction associations.""]"
452,bc1q_demo_0049,4.060583404555554,64.0,0.08121166809111108,0.0,0.0,,6,12,0,"[""Isolation Forest relative anomaly score: 0.081."", ""6 distinct relevant transactions with 12 supporting IP/transaction associations.""]"
453,bc1q_demo_0529,4.059246297399099,68.0,0.08118492594798198,0.0,0.0,,7,14,0,"[""Isolation Forest relative anomaly score: 0.081."", ""7 distinct relevant transactions with 14 supporting IP/transaction associations.""]"
454,bc1q_demo_0486,4.044226304705183,74.66666666666667,0.08088452609410367,0.0,0.0,,7,14,1,"[""Isolation Forest relative anomaly score: 0.081."", ""7 distinct relevant transactions with 14 supporting IP/transaction associations."", ""Repeated network observations: one IP appears in 2 relevant transactions; ownership is not established.""]"
455,bc1q_demo_0038,4.029052377420963,68.0,0.08058104754841926,0.0,0.0,,7,14,0,"[""Isolation Forest relative anomaly score: 0.081."", ""7 distinct relevant transactions with 14 supporting IP/transaction associations.""]"
456,bc1q_demo_0358,4.008918789893982,64.0,0.08017837579787963,0.0,0.0,,6,12,0,"[""Isolation Forest relative anomaly score: 0.080."", ""6 distinct relevant transactions with 12 supporting IP/transaction associations.""]"
457,bc1q_demo_0171,4.002416545442652,72.0,0.08004833090885304,0.0,0.0,,8,16,0,"[""Isolation Forest relative anomaly score: 0.080."", ""8 distinct relevant transactions with 16 supporting IP/transaction associations.""]"
458,bc1q_demo_0165,3.990622198562107,76.0,0.07981244397124214,0.0,0.0,,9,18,0,"[""Isolation Forest relative anomaly score: 0.080."", ""9 distinct relevant transactions with 18 supporting IP/transaction associations.""]"
459,bc1q_demo_0030,3.9737123269883066,72.0,0.07947424653976613,0.0,0.0,,8,16,0,"[""Isolation Forest relative anomaly score: 0.079."", ""8 distinct relevant transactions with 16 supporting IP/transaction associations.""]"
460,bc1q_demo_0242,3.9730942767612314,64.0,0.07946188553522462,0.0,0.0,,6,12,0,"[""Isolation Forest relative anomaly score: 0.079."", ""6 distinct relevant transactions with 12 supporting IP/transaction associations.""]"
461,bc1q_demo_0260,3.970421523053623,52.0,0.07940843046107246,0.0,0.0,,3,6,0,"[""Isolation Forest relative anomaly score: 0.079."", ""3 distinct relevant transactions with 6 supporting IP/transaction associations.""]"
462,bc1q_demo_0437,3.964985735352475,68.0,0.0792997147070495,0.0,0.0,,7,14,0,"[""Isolation Forest relative anomaly score: 0.079."", ""7 distinct relevant transactions with 14 supporting IP/transaction associations.""]"
463,bc1q_demo_0544,3.9606210806375697,68.0,0.0792124216127514,0.0,0.0,,7,14,0,"[""Isolation Forest relative anomaly score: 0.079."", ""7 distinct relevant transactions with 14 supporting IP/transaction associations.""]"
464,bc1q_demo_0200,3.9602173610233127,60.0,0.07920434722046625,0.0,0.0,,5,10,0,"[""Isolation Forest relative anomaly score: 0.079."", ""5 distinct relevant transactions with 10 supporting IP/transaction associations.""]"
465,bc1q_demo_0346,3.9501444687234275,64.0,0.07900288937446855,0.0,0.0,,6,12,0,"[""Isolation Forest relative anomaly score: 0.079."", ""6 distinct relevant transactions with 12 supporting IP/transaction associations.""]"
466,bc1q_demo_0491,3.938170851751156,76.0,0.07876341703502313,0.0,0.0,,9,18,0,"[""Isolation Forest relative anomaly score: 0.079."", ""9 distinct relevant transactions with 18 supporting IP/transaction associations.""]"
467,bc1q_demo_0576,3.9227805322325393,70.66666666666667,0.07845561064465079,0.0,0.0,,6,12,1,"[""Isolation Forest relative anomaly score: 0.078."", ""6 distinct relevant transactions with 12 supporting IP/transaction associations."", ""Repeated network observations: one IP appears in 2 relevant transactions; ownership is not established.""]"
468,bc1q_demo_0388,3.918421311309546,64.0,0.07836842622619092,0.0,0.0,,6,12,0,"[""Isolation Forest relative anomaly score: 0.078."", ""6 distinct relevant transactions with 12 supporting IP/transaction associations.""]"
469,bc1q_demo_0372,3.90062848111667,60.0,0.0780125696223334,0.0,0.0,,5,10,0,"[""Isolation Forest relative anomaly score: 0.078."", ""5 distinct relevant transactions with 10 supporting IP/transaction associations.""]"
470,bc1q_demo_0044,3.8731402269974566,56.0,0.07746280453994914,0.0,0.0,,4,8,0,"[""Isolation Forest relative anomaly score: 0.077."", ""4 distinct relevant transactions with 8 supporting IP/transaction associations.""]"
471,bc1q_demo_0160,3.868070148854271,64.0,0.07736140297708542,0.0,0.0,,6,12,0,"[""Isolation Forest relative anomaly score: 0.077."", ""6 distinct relevant transactions with 12 supporting IP/transaction associations.""]"
472,bc1q_demo_0224,3.8669621702906625,64.0,0.07733924340581325,0.0,0.0,,6,12,0,"[""Isolation Forest relative anomaly score: 0.077."", ""6 distinct relevant transactions with 12 supporting IP/transaction associations.""]"
473,bc1q_demo_0039,3.8603758450579164,56.0,0.07720751690115833,0.0,0.0,,4,8,0,"[""Isolation Forest relative anomaly score: 0.077."", ""4 distinct relevant transactions with 8 supporting IP/transaction associations.""]"
474,bc1q_demo_0007,3.838145786385723,78.66666666666667,0.07676291572771446,0.0,0.0,,8,16,1,"[""Isolation Forest relative anomaly score: 0.077."", ""8 distinct relevant transactions with 16 supporting IP/transaction associations."", ""Repeated network observations: one IP appears in 2 relevant transactions; ownership is not established.""]"
475,bc1q_demo_0430,3.8331118416982286,68.0,0.07666223683396457,0.0,0.0,,7,14,0,"[""Isolation Forest relative anomaly score: 0.077."", ""7 distinct relevant transactions with 14 supporting IP/transaction associations.""]"
476,bc1q_demo_0344,3.8323767711995265,52.0,0.07664753542399053,0.0,0.0,,3,6,0,"[""Isolation Forest relative anomaly score: 0.077."", ""3 distinct relevant transactions with 6 supporting IP/transaction associations.""]"
477,bc1q_demo_0393,3.800934187143099,72.0,0.07601868374286198,0.0,0.0,,8,16,0,"[""Isolation Forest relative anomaly score: 0.076."", ""8 distinct relevant transactions with 16 supporting IP/transaction associations.""]"
478,bc1q_demo_0330,3.7861073529606757,56.0,0.07572214705921351,0.0,0.0,,4,8,0,"[""Isolation Forest relative anomaly score: 0.076."", ""4 distinct relevant transactions with 8 supporting IP/transaction associations.""]"
479,bc1q_demo_0400,3.7819597435982906,64.0,0.07563919487196581,0.0,0.0,,6,12,0,"[""Isolation Forest relative anomaly score: 0.076."", ""6 distinct relevant transactions with 12 supporting IP/transaction associations.""]"
480,bc1q_demo_0145,3.761476679499877,56.0,0.07522953358999754,0.0,0.0,,4,8,0,"[""Isolation Forest relative anomaly score: 0.075."", ""4 distinct relevant transactions with 8 supporting IP/transaction associations.""]"
481,bc1q_demo_0215,3.7094621938498946,56.0,0.07418924387699789,0.0,0.0,,4,8,0,"[""Isolation Forest relative anomaly score: 0.074."", ""4 distinct relevant transactions with 8 supporting IP/transaction associations.""]"
482,bc1q_demo_0240,3.6966634925683173,56.0,0.07393326985136635,0.0,0.0,,4,8,0,"[""Isolation Forest relative anomaly score: 0.074."", ""4 distinct relevant transactions with 8 supporting IP/transaction associations.""]"
483,bc1q_demo_0323,3.696266476902636,78.66666666666667,0.07392532953805273,0.0,0.0,,8,16,1,"[""Isolation Forest relative anomaly score: 0.074."", ""8 distinct relevant transactions with 16 supporting IP/transaction associations."", ""Repeated network observations: one IP appears in 2 relevant transactions; ownership is not established.""]"
484,bc1q_demo_0192,3.6483276243590206,60.0,0.07296655248718041,0.0,0.0,,5,10,0,"[""Isolation Forest relative anomaly score: 0.073."", ""5 distinct relevant transactions with 10 supporting IP/transaction associations.""]"
485,bc1q_demo_0445,3.6402194830851977,64.0,0.07280438966170395,0.0,0.0,,6,12,0,"[""Isolation Forest relative anomaly score: 0.073."", ""6 distinct relevant transactions with 12 supporting IP/transaction associations.""]"
486,bc1q_demo_0255,3.637784111045297,56.0,0.07275568222090593,0.0,0.0,,4,8,0,"[""Isolation Forest relative anomaly score: 0.073."", ""4 distinct relevant transactions with 8 supporting IP/transaction associations.""]"
487,bc1q_demo_0593,3.608461581057038,60.0,0.07216923162114076,0.0,0.0,,5,10,0,"[""Isolation Forest relative anomaly score: 0.072."", ""5 distinct relevant transactions with 10 supporting IP/transaction associations.""]"
488,bc1q_demo_0590,3.573060622283259,64.0,0.07146121244566518,0.0,0.0,,6,12,0,"[""Isolation Forest relative anomaly score: 0.071."", ""6 distinct relevant transactions with 12 supporting IP/transaction associations.""]"
489,bc1q_demo_0311,3.5391707449617384,52.0,0.07078341489923477,0.0,0.0,,3,6,0,"[""Isolation Forest relative anomaly score: 0.071."", ""3 distinct relevant transactions with 6 supporting IP/transaction associations.""]"
490,bc1q_demo_0352,3.5360445942827514,68.0,0.07072089188565503,0.0,0.0,,7,14,0,"[""Isolation Forest relative anomaly score: 0.071."", ""7 distinct relevant transactions with 14 supporting IP/transaction associations.""]"
491,bc1q_demo_0448,3.5040122901063038,60.0,0.07008024580212607,0.0,0.0,,5,10,0,"[""Isolation Forest relative anomaly score: 0.070."", ""5 distinct relevant transactions with 10 supporting IP/transaction associations.""]"
492,bc1q_demo_0046,3.499812891182149,68.0,0.06999625782364298,0.0,0.0,,7,14,0,"[""Isolation Forest relative anomaly score: 0.070."", ""7 distinct relevant transactions with 14 supporting IP/transaction associations.""]"
493,bc1q_demo_0567,3.498137360100943,56.0,0.06996274720201887,0.0,0.0,,4,8,0,"[""Isolation Forest relative anomaly score: 0.070."", ""4 distinct relevant transactions with 8 supporting IP/transaction associations.""]"
494,bc1q_demo_0507,3.4486400504852153,56.0,0.06897280100970431,0.0,0.0,,4,8,0,"[""Isolation Forest relative anomaly score: 0.069."", ""4 distinct relevant transactions with 8 supporting IP/transaction associations.""]"
495,bc1q_demo_0519,3.439831777362188,56.0,0.06879663554724376,0.0,0.0,,4,8,0,"[""Isolation Forest relative anomaly score: 0.069."", ""4 distinct relevant transactions with 8 supporting IP/transaction associations.""]"
496,bc1q_demo_0316,3.433870239482183,68.0,0.06867740478964367,0.0,0.0,,7,14,0,"[""Isolation Forest relative anomaly score: 0.069."", ""7 distinct relevant transactions with 14 supporting IP/transaction associations.""]"
497,bc1q_demo_0502,3.3812359445185782,60.0,0.06762471889037157,0.0,0.0,,5,10,0,"[""Isolation Forest relative anomaly score: 0.068."", ""5 distinct relevant transactions with 10 supporting IP/transaction associations.""]"
498,bc1q_demo_0542,3.352743208707302,64.0,0.06705486417414604,0.0,0.0,,6,12,0,"[""Isolation Forest relative anomaly score: 0.067."", ""6 distinct relevant transactions with 12 supporting IP/transaction associations.""]"
499,bc1q_demo_0217,3.3328032421899794,60.0,0.06665606484379959,0.0,0.0,,5,10,0,"[""Isolation Forest relative anomaly score: 0.067."", ""5 distinct relevant transactions with 10 supporting IP/transaction associations.""]"
500,bc1q_demo_0055,3.298818803352409,60.0,0.06597637606704818,0.0,0.0,,5,10,0,"[""Isolation Forest relative anomaly score: 0.066."", ""5 distinct relevant transactions with 10 supporting IP/transaction associations.""]"
501,bc1q_demo_0066,3.256825086039858,56.0,0.06513650172079716,0.0,0.0,,4,8,0,"[""Isolation Forest relative anomaly score: 0.065."", ""4 distinct relevant transactions with 8 supporting IP/transaction associations.""]"
502,bc1q_demo_0381,3.2564437743616717,56.0,0.06512887548723344,0.0,0.0,,4,8,0,"[""Isolation Forest relative anomaly score: 0.065."", ""4 distinct relevant transactions with 8 supporting IP/transaction associations.""]"
503,bc1q_demo_0104,3.2355457663919056,72.0,0.06471091532783811,0.0,0.0,,8,16,0,"[""Isolation Forest relative anomaly score: 0.065."", ""8 distinct relevant transactions with 16 supporting IP/transaction associations.""]"
504,bc1q_demo_0010,3.2259314651205298,60.0,0.06451862930241059,0.0,0.0,,5,10,0,"[""Isolation Forest relative anomaly score: 0.065."", ""5 distinct relevant transactions with 10 supporting IP/transaction associations.""]"
505,bc1q_demo_0493,3.1887511428529267,52.0,0.06377502285705854,0.0,0.0,,3,6,0,"[""Isolation Forest relative anomaly score: 0.064."", ""3 distinct relevant transactions with 6 supporting IP/transaction associations.""]"
506,bc1q_demo_0054,3.186175353109673,64.0,0.06372350706219346,0.0,0.0,,6,12,0,"[""Isolation Forest relative anomaly score: 0.064."", ""6 distinct relevant transactions with 12 supporting IP/transaction associations.""]"
507,bc1q_demo_0549,3.1692085605032094,64.0,0.06338417121006419,0.0,0.0,,6,12,0,"[""Isolation Forest relative anomaly score: 0.063."", ""6 distinct relevant transactions with 12 supporting IP/transaction associations.""]"
508,bc1q_demo_0428,3.164076462573505,56.0,0.0632815292514701,0.0,0.0,,4,8,0,"[""Isolation Forest relative anomaly score: 0.063."", ""4 distinct relevant transactions with 8 supporting IP/transaction associations.""]"
509,bc1q_demo_0050,3.107584185033665,56.0,0.062151683700673296,0.0,0.0,,4,8,0,"[""Isolation Forest relative anomaly score: 0.062."", ""4 distinct relevant transactions with 8 supporting IP/transaction associations.""]"
510,bc1q_demo_0241,3.0958495930549237,68.0,0.061916991861098475,0.0,0.0,,7,14,0,"[""Isolation Forest relative anomaly score: 0.062."", ""7 distinct relevant transactions with 14 supporting IP/transaction associations.""]"
511,bc1q_demo_0052,3.018029080746821,60.0,0.06036058161493642,0.0,0.0,,5,10,0,"[""Isolation Forest relative anomaly score: 0.060."", ""5 distinct relevant transactions with 10 supporting IP/transaction associations.""]"
512,bc1q_demo_0305,2.9445117281739908,60.0,0.05889023456347982,0.0,0.0,,5,10,0,"[""Isolation Forest relative anomaly score: 0.059."", ""5 distinct relevant transactions with 10 supporting IP/transaction associations.""]"
513,bc1q_demo_0158,2.931048127743384,60.0,0.05862096255486768,0.0,0.0,,5,10,0,"[""Isolation Forest relative anomaly score: 0.059."", ""5 distinct relevant transactions with 10 supporting IP/transaction associations.""]"
514,bc1q_demo_0580,2.8882287181815314,68.0,0.057764574363630625,0.0,0.0,,7,14,0,"[""Isolation Forest relative anomaly score: 0.058."", ""7 distinct relevant transactions with 14 supporting IP/transaction associations.""]"
515,bc1q_demo_0198,2.8440802158047167,72.0,0.056881604316094334,0.0,0.0,,8,16,0,"[""Isolation Forest relative anomaly score: 0.057."", ""8 distinct relevant transactions with 16 supporting IP/transaction associations.""]"
516,bc1q_demo_0140,2.8403573434937295,68.0,0.05680714686987459,0.0,0.0,,7,14,0,"[""Isolation Forest relative anomaly score: 0.057."", ""7 distinct relevant transactions with 14 supporting IP/transaction associations.""]"
517,bc1q_demo_0375,2.8376006640415166,72.0,0.05675201328083033,0.0,0.0,,8,16,0,"[""Isolation Forest relative anomaly score: 0.057."", ""8 distinct relevant transactions with 16 supporting IP/transaction associations.""]"
518,bc1q_demo_0027,2.8355569363174484,70.66666666666667,0.05671113872634897,0.0,0.0,,6,12,1,"[""Isolation Forest relative anomaly score: 0.057."", ""6 distinct relevant transactions with 12 supporting IP/transaction associations."", ""Repeated network observations: one IP appears in 2 relevant transactions; ownership is not established.""]"
519,bc1q_demo_0312,2.8337179490360147,68.0,0.0566743589807203,0.0,0.0,,7,14,0,"[""Isolation Forest relative anomaly score: 0.057."", ""7 distinct relevant transactions with 14 supporting IP/transaction associations.""]"
520,bc1q_demo_0286,2.833691071930317,68.0,0.056673821438606345,0.0,0.0,,7,14,0,"[""Isolation Forest relative anomaly score: 0.057."", ""7 distinct relevant transactions with 14 supporting IP/transaction associations.""]"
521,bc1q_demo_0575,2.8158703547461985,60.0,0.05631740709492397,0.0,0.0,,5,10,0,"[""Isolation Forest relative anomaly score: 0.056."", ""5 distinct relevant transactions with 10 supporting IP/transaction associations.""]"
522,bc1q_demo_0265,2.813402627077848,60.0,0.05626805254155696,0.0,0.0,,5,10,0,"[""Isolation Forest relative anomaly score: 0.056."", ""5 distinct relevant transactions with 10 supporting IP/transaction associations.""]"
523,bc1q_demo_0468,2.8113076410102007,56.0,0.05622615282020402,0.0,0.0,,4,8,0,"[""Isolation Forest relative anomaly score: 0.056."", ""4 distinct relevant transactions with 8 supporting IP/transaction associations.""]"
524,bc1q_demo_0288,2.8064833727408054,60.0,0.05612966745481611,0.0,0.0,,5,10,0,"[""Isolation Forest relative anomaly score: 0.056."", ""5 distinct relevant transactions with 10 supporting IP/transaction associations.""]"
525,bc1q_demo_0492,2.771724173276755,56.0,0.055434483465535096,0.0,0.0,,4,8,0,"[""Isolation Forest relative anomaly score: 0.055."", ""4 distinct relevant transactions with 8 supporting IP/transaction associations.""]"
526,bc1q_demo_0572,2.754356463062813,56.0,0.05508712926125626,0.0,0.0,,4,8,0,"[""Isolation Forest relative anomaly score: 0.055."", ""4 distinct relevant transactions with 8 supporting IP/transaction associations.""]"
527,bc1q_demo_0102,2.7496002050076638,56.0,0.05499200410015327,0.0,0.0,,4,8,0,"[""Isolation Forest relative anomaly score: 0.055."", ""4 distinct relevant transactions with 8 supporting IP/transaction associations.""]"
528,bc1q_demo_0324,2.7339771893823377,60.0,0.05467954378764675,0.0,0.0,,5,10,0,"[""Isolation Forest relative anomaly score: 0.055."", ""5 distinct relevant transactions with 10 supporting IP/transaction associations.""]"
529,bc1q_demo_0322,2.7233806356602352,78.66666666666667,0.0544676127132047,0.0,0.0,,8,16,1,"[""Isolation Forest relative anomaly score: 0.054."", ""8 distinct relevant transactions with 16 supporting IP/transaction associations."", ""Repeated network observations: one IP appears in 2 relevant transactions; ownership is not established.""]"
530,bc1q_demo_0162,2.7062804170376262,64.0,0.05412560834075253,0.0,0.0,,6,12,0,"[""Isolation Forest relative anomaly score: 0.054."", ""6 distinct relevant transactions with 12 supporting IP/transaction associations.""]"
531,bc1q_demo_0541,2.7001760593468815,64.0,0.05400352118693763,0.0,0.0,,6,12,0,"[""Isolation Forest relative anomaly score: 0.054."", ""6 distinct relevant transactions with 12 supporting IP/transaction associations.""]"
532,bc1q_demo_0183,2.6687259148483267,64.0,0.05337451829696653,0.0,0.0,,6,12,0,"[""Isolation Forest relative anomaly score: 0.053."", ""6 distinct relevant transactions with 12 supporting IP/transaction associations.""]"
533,bc1q_demo_0540,2.646482922843362,72.0,0.05292965845686724,0.0,0.0,,8,16,0,"[""Isolation Forest relative anomaly score: 0.053."", ""8 distinct relevant transactions with 16 supporting IP/transaction associations.""]"
534,bc1q_demo_0414,2.642770992032205,60.0,0.0528554198406441,0.0,0.0,,5,10,0,"[""Isolation Forest relative anomaly score: 0.053."", ""5 distinct relevant transactions with 10 supporting IP/transaction associations.""]"
535,bc1q_demo_0173,2.6273215907056438,68.0,0.05254643181411287,0.0,0.0,,7,14,0,"[""Isolation Forest relative anomaly score: 0.053."", ""7 distinct relevant transactions with 14 supporting IP/transaction associations.""]"
536,bc1q_demo_0530,2.625594241494238,56.0,0.05251188482988476,0.0,0.0,,4,8,0,"[""Isolation Forest relative anomaly score: 0.053."", ""4 distinct relevant transactions with 8 supporting IP/transaction associations.""]"
537,bc1q_demo_0444,2.606270662367134,60.0,0.052125413247342677,0.0,0.0,,5,10,0,"[""Isolation Forest relative anomaly score: 0.052."", ""5 distinct relevant transactions with 10 supporting IP/transaction associations.""]"
538,bc1q_demo_0363,2.539130353556463,68.0,0.050782607071129256,0.0,0.0,,7,14,0,"[""Isolation Forest relative anomaly score: 0.051."", ""7 distinct relevant transactions with 14 supporting IP/transaction associations.""]"
539,bc1q_demo_0532,2.5218775209823447,60.0,0.0504375504196469,0.0,0.0,,5,10,0,"[""Isolation Forest relative anomaly score: 0.050."", ""5 distinct relevant transactions with 10 supporting IP/transaction associations.""]"
540,bc1q_demo_0148,2.493656679198571,64.0,0.04987313358397142,0.0,0.0,,6,12,0,"[""Isolation Forest relative anomaly score: 0.050."", ""6 distinct relevant transactions with 12 supporting IP/transaction associations.""]"
541,bc1q_demo_0548,2.485909882624704,64.0,0.04971819765249408,0.0,0.0,,6,12,0,"[""Isolation Forest relative anomaly score: 0.050."", ""6 distinct relevant transactions with 12 supporting IP/transaction associations.""]"
542,bc1q_demo_0591,2.482399578544594,64.0,0.049647991570891885,0.0,0.0,,6,12,0,"[""Isolation Forest relative anomaly score: 0.050."", ""6 distinct relevant transactions with 12 supporting IP/transaction associations.""]"
543,bc1q_demo_0485,2.446910516903891,70.66666666666667,0.048938210338077826,0.0,0.0,,6,12,1,"[""Isolation Forest relative anomaly score: 0.049."", ""6 distinct relevant transactions with 12 supporting IP/transaction associations."", ""Repeated network observations: one IP appears in 2 relevant transactions; ownership is not established.""]"
544,bc1q_demo_0225,2.391327268334749,68.0,0.04782654536669498,0.0,0.0,,7,14,0,"[""Isolation Forest relative anomaly score: 0.048."", ""7 distinct relevant transactions with 14 supporting IP/transaction associations.""]"
545,bc1q_demo_0566,2.381099228796396,64.0,0.047621984575927916,0.0,0.0,,6,12,0,"[""Isolation Forest relative anomaly score: 0.048."", ""6 distinct relevant transactions with 12 supporting IP/transaction associations.""]"
546,bc1q_demo_0413,2.376475621211981,52.0,0.04752951242423962,0.0,0.0,,3,6,0,"[""Isolation Forest relative anomaly score: 0.048."", ""3 distinct relevant transactions with 6 supporting IP/transaction associations.""]"
547,bc1q_demo_0113,2.372901726696728,72.0,0.04745803453393455,0.0,0.0,,8,16,0,"[""Isolation Forest relative anomaly score: 0.047."", ""8 distinct relevant transactions with 16 supporting IP/transaction associations.""]"
548,bc1q_demo_0119,2.3665435664276044,74.66666666666667,0.04733087132855209,0.0,0.0,,7,14,1,"[""Isolation Forest relative anomaly score: 0.047."", ""7 distinct relevant transactions with 14 supporting IP/transaction associations."", ""Repeated network observations: one IP appears in 2 relevant transactions; ownership is not established.""]"
549,bc1q_demo_0271,2.343025225295935,60.0,0.0468605045059187,0.0,0.0,,5,10,0,"[""Isolation Forest relative anomaly score: 0.047."", ""5 distinct relevant transactions with 10 supporting IP/transaction associations.""]"
550,bc1q_demo_0374,2.3374794475133385,60.0,0.04674958895026677,0.0,0.0,,5,10,0,"[""Isolation Forest relative anomaly score: 0.047."", ""5 distinct relevant transactions with 10 supporting IP/transaction associations.""]"
551,bc1q_demo_0238,2.3371608965808566,60.0,0.046743217931617134,0.0,0.0,,5,10,0,"[""Isolation Forest relative anomaly score: 0.047."", ""5 distinct relevant transactions with 10 supporting IP/transaction associations.""]"
552,bc1q_demo_0407,2.3050365886712534,64.0,0.046100731773425066,0.0,0.0,,6,12,0,"[""Isolation Forest relative anomaly score: 0.046."", ""6 distinct relevant transactions with 12 supporting IP/transaction associations.""]"
553,bc1q_demo_0536,2.2921532876142927,66.66666666666667,0.045843065752285854,0.0,0.0,,5,10,1,"[""Isolation Forest relative anomaly score: 0.046."", ""5 distinct relevant transactions with 10 supporting IP/transaction associations."", ""Repeated network observations: one IP appears in 2 relevant transactions; ownership is not established.""]"
554,bc1q_demo_0582,2.28296205558077,56.0,0.0456592411116154,0.0,0.0,,4,8,0,"[""Isolation Forest relative anomaly score: 0.046."", ""4 distinct relevant transactions with 8 supporting IP/transaction associations.""]"
555,bc1q_demo_0465,2.2738432698425184,64.0,0.04547686539685036,0.0,0.0,,6,12,0,"[""Isolation Forest relative anomaly score: 0.045."", ""6 distinct relevant transactions with 12 supporting IP/transaction associations.""]"
556,bc1q_demo_0295,2.273085277759927,72.0,0.045461705555198545,0.0,0.0,,8,16,0,"[""Isolation Forest relative anomaly score: 0.045."", ""8 distinct relevant transactions with 16 supporting IP/transaction associations.""]"
557,bc1q_demo_0135,2.263062458797812,68.0,0.04526124917595624,0.0,0.0,,7,14,0,"[""Isolation Forest relative anomaly score: 0.045."", ""7 distinct relevant transactions with 14 supporting IP/transaction associations.""]"
558,bc1q_demo_0350,2.2306869582497444,64.0,0.044613739164994885,0.0,0.0,,6,12,0,"[""Isolation Forest relative anomaly score: 0.045."", ""6 distinct relevant transactions with 12 supporting IP/transaction associations.""]"
559,bc1q_demo_0124,2.2153768674891996,68.0,0.04430753734978399,0.0,0.0,,7,14,0,"[""Isolation Forest relative anomaly score: 0.044."", ""7 distinct relevant transactions with 14 supporting IP/transaction associations.""]"
560,bc1q_demo_0073,2.190068572367106,64.0,0.04380137144734211,0.0,0.0,,6,12,0,"[""Isolation Forest relative anomaly score: 0.044."", ""6 distinct relevant transactions with 12 supporting IP/transaction associations.""]"
561,bc1q_demo_0005,2.1827142254720147,60.0,0.0436542845094403,0.0,0.0,,5,10,0,"[""Isolation Forest relative anomaly score: 0.044."", ""5 distinct relevant transactions with 10 supporting IP/transaction associations.""]"
562,bc1q_demo_0369,2.177670758167936,52.0,0.04355341516335872,0.0,0.0,,3,6,0,"[""Isolation Forest relative anomaly score: 0.044."", ""3 distinct relevant transactions with 6 supporting IP/transaction associations.""]"
563,bc1q_demo_0110,2.1648907331933422,78.66666666666667,0.04329781466386684,0.0,0.0,,8,16,1,"[""Isolation Forest relative anomaly score: 0.043."", ""8 distinct relevant transactions with 16 supporting IP/transaction associations."", ""Repeated network observations: one IP appears in 2 relevant transactions; ownership is not established.""]"
564,bc1q_demo_0509,2.161221490492151,56.0,0.04322442980984302,0.0,0.0,,4,8,0,"[""Isolation Forest relative anomaly score: 0.043."", ""4 distinct relevant transactions with 8 supporting IP/transaction associations.""]"
565,bc1q_demo_0317,2.15459569051222,64.0,0.043091913810244395,0.0,0.0,,6,12,0,"[""Isolation Forest relative anomaly score: 0.043."", ""6 distinct relevant transactions with 12 supporting IP/transaction associations.""]"
566,bc1q_demo_0274,2.1432317405094876,72.0,0.042864634810189754,0.0,0.0,,8,16,0,"[""Isolation Forest relative anomaly score: 0.043."", ""8 distinct relevant transactions with 16 supporting IP/transaction associations.""]"
567,bc1q_demo_0403,2.131473634015964,68.0,0.042629472680319275,0.0,0.0,,7,14,0,"[""Isolation Forest relative anomaly score: 0.043."", ""7 distinct relevant transactions with 14 supporting IP/transaction associations.""]"
568,bc1q_demo_0301,2.1058934186870455,70.66666666666667,0.04211786837374091,0.0,0.0,,6,12,1,"[""Isolation Forest relative anomaly score: 0.042."", ""6 distinct relevant transactions with 12 supporting IP/transaction associations."", ""Repeated network observations: one IP appears in 2 relevant transactions; ownership is not established.""]"
569,bc1q_demo_0450,2.102882237526481,60.0,0.042057644750529616,0.0,0.0,,5,10,0,"[""Isolation Forest relative anomaly score: 0.042."", ""5 distinct relevant transactions with 10 supporting IP/transaction associations.""]"
570,bc1q_demo_0012,2.0944380984413384,68.0,0.04188876196882677,0.0,0.0,,7,14,0,"[""Isolation Forest relative anomaly score: 0.042."", ""7 distinct relevant transactions with 14 supporting IP/transaction associations.""]"
571,bc1q_demo_0213,2.0670541887269236,56.0,0.041341083774538476,0.0,0.0,,4,8,0,"[""Isolation Forest relative anomaly score: 0.041."", ""4 distinct relevant transactions with 8 supporting IP/transaction associations.""]"
572,bc1q_demo_0449,2.0350460694084918,64.0,0.04070092138816983,0.0,0.0,,6,12,0,"[""Isolation Forest relative anomaly score: 0.041."", ""6 distinct relevant transactions with 12 supporting IP/transaction associations.""]"
573,bc1q_demo_0441,2.0291952913473428,64.0,0.040583905826946855,0.0,0.0,,6,12,0,"[""Isolation Forest relative anomaly score: 0.041."", ""6 distinct relevant transactions with 12 supporting IP/transaction associations.""]"
574,bc1q_demo_0061,2.024490994055359,68.0,0.04048981988110718,0.0,0.0,,7,14,0,"[""Isolation Forest relative anomaly score: 0.040."", ""7 distinct relevant transactions with 14 supporting IP/transaction associations.""]"
575,bc1q_demo_0223,2.0158864167921453,68.0,0.040317728335842906,0.0,0.0,,7,14,0,"[""Isolation Forest relative anomaly score: 0.040."", ""7 distinct relevant transactions with 14 supporting IP/transaction associations.""]"
576,bc1q_demo_0478,2.009816495590955,64.0,0.0401963299118191,0.0,0.0,,6,12,0,"[""Isolation Forest relative anomaly score: 0.040."", ""6 distinct relevant transactions with 12 supporting IP/transaction associations.""]"
577,bc1q_demo_0043,2.0054563716635996,70.66666666666667,0.04010912743327199,0.0,0.0,,6,12,1,"[""Isolation Forest relative anomaly score: 0.040."", ""6 distinct relevant transactions with 12 supporting IP/transaction associations."", ""Repeated network observations: one IP appears in 2 relevant transactions; ownership is not established.""]"
578,bc1q_demo_0239,2.0044691315328627,70.66666666666667,0.040089382630657255,0.0,0.0,,6,12,1,"[""Isolation Forest relative anomaly score: 0.040."", ""6 distinct relevant transactions with 12 supporting IP/transaction associations."", ""Repeated network observations: one IP appears in 2 relevant transactions; ownership is not established.""]"
579,bc1q_demo_0091,2.004028009075394,56.0,0.04008056018150788,0.0,0.0,,4,8,0,"[""Isolation Forest relative anomaly score: 0.040."", ""4 distinct relevant transactions with 8 supporting IP/transaction associations.""]"
580,bc1q_demo_0289,1.9848145385722844,56.0,0.03969629077144569,0.0,0.0,,4,8,0,"[""Isolation Forest relative anomaly score: 0.040."", ""4 distinct relevant transactions with 8 supporting IP/transaction associations.""]"
581,bc1q_demo_0470,1.969390914169268,74.66666666666667,0.03938781828338536,0.0,0.0,,7,14,1,"[""Isolation Forest relative anomaly score: 0.039."", ""7 distinct relevant transactions with 14 supporting IP/transaction associations."", ""Repeated network observations: one IP appears in 2 relevant transactions; ownership is not established.""]"
582,bc1q_demo_0297,1.9557924658804748,64.0,0.039115849317609495,0.0,0.0,,6,12,0,"[""Isolation Forest relative anomaly score: 0.039."", ""6 distinct relevant transactions with 12 supporting IP/transaction associations.""]"
583,bc1q_demo_0447,1.952818168558361,60.0,0.03905636337116722,0.0,0.0,,5,10,0,"[""Isolation Forest relative anomaly score: 0.039."", ""5 distinct relevant transactions with 10 supporting IP/transaction associations.""]"
584,bc1q_demo_0261,1.9292304348140439,56.0,0.03858460869628088,0.0,0.0,,4,8,0,"[""Isolation Forest relative anomaly score: 0.039."", ""4 distinct relevant transactions with 8 supporting IP/transaction associations.""]"
585,bc1q_demo_0562,1.9216439808504955,64.0,0.03843287961700991,0.0,0.0,,6,12,0,"[""Isolation Forest relative anomaly score: 0.038."", ""6 distinct relevant transactions with 12 supporting IP/transaction associations.""]"
586,bc1q_demo_0100,1.9078287172489736,64.0,0.038156574344979474,0.0,0.0,,6,12,0,"[""Isolation Forest relative anomaly score: 0.038."", ""6 distinct relevant transactions with 12 supporting IP/transaction associations.""]"
587,bc1q_demo_0084,1.889614462318747,64.0,0.03779228924637494,0.0,0.0,,6,12,0,"[""Isolation Forest relative anomaly score: 0.038."", ""6 distinct relevant transactions with 12 supporting IP/transaction associations.""]"
588,bc1q_demo_0085,1.8746699485697653,60.0,0.03749339897139531,0.0,0.0,,5,10,0,"[""Isolation Forest relative anomaly score: 0.037."", ""5 distinct relevant transactions with 10 supporting IP/transaction associations.""]"
589,bc1q_demo_0325,1.7610284092705935,60.0,0.03522056818541187,0.0,0.0,,5,10,0,"[""Isolation Forest relative anomaly score: 0.035."", ""5 distinct relevant transactions with 10 supporting IP/transaction associations.""]"
590,bc1q_demo_0338,1.7381622716433054,60.0,0.03476324543286611,0.0,0.0,,5,10,0,"[""Isolation Forest relative anomaly score: 0.035."", ""5 distinct relevant transactions with 10 supporting IP/transaction associations.""]"
591,bc1q_demo_0303,1.7032534733332247,60.0,0.034065069466664495,0.0,0.0,,5,10,0,"[""Isolation Forest relative anomaly score: 0.034."", ""5 distinct relevant transactions with 10 supporting IP/transaction associations.""]"
592,bc1q_demo_0421,1.696269087546289,62.666666666666664,0.03392538175092578,0.0,0.0,,4,8,1,"[""Isolation Forest relative anomaly score: 0.034."", ""4 distinct relevant transactions with 8 supporting IP/transaction associations."", ""Repeated network observations: one IP appears in 2 relevant transactions; ownership is not established.""]"
593,bc1q_demo_0394,1.6856762846625215,74.66666666666667,0.03371352569325043,0.0,0.0,,7,14,1,"[""Isolation Forest relative anomaly score: 0.034."", ""7 distinct relevant transactions with 14 supporting IP/transaction associations."", ""Repeated network observations: one IP appears in 2 relevant transactions; ownership is not established.""]"
594,bc1q_demo_0123,1.6848549054170598,60.0,0.0336970981083412,0.0,0.0,,5,10,0,"[""Isolation Forest relative anomaly score: 0.034."", ""5 distinct relevant transactions with 10 supporting IP/transaction associations.""]"
595,bc1q_demo_0263,1.6783150104099605,60.0,0.03356630020819921,0.0,0.0,,5,10,0,"[""Isolation Forest relative anomaly score: 0.034."", ""5 distinct relevant transactions with 10 supporting IP/transaction associations.""]"
596,bc1q_demo_0531,1.6575760251889011,60.0,0.03315152050377802,0.0,0.0,,5,10,0,"[""Isolation Forest relative anomaly score: 0.033."", ""5 distinct relevant transactions with 10 supporting IP/transaction associations.""]"
597,bc1q_demo_0021,1.6457562784632853,64.0,0.03291512556926571,0.0,0.0,,6,12,0,"[""Isolation Forest relative anomaly score: 0.033."", ""6 distinct relevant transactions with 12 supporting IP/transaction associations.""]"
598,bc1q_demo_0122,1.644712482291516,68.0,0.03289424964583032,0.0,0.0,,7,14,0,"[""Isolation Forest relative anomaly score: 0.033."", ""7 distinct relevant transactions with 14 supporting IP/transaction associations.""]"
599,bc1q_demo_0040,1.6008679937709178,60.0,0.03201735987541836,0.0,0.0,,5,10,0,"[""Isolation Forest relative anomaly score: 0.032."", ""5 distinct relevant transactions with 10 supporting IP/transaction associations.""]"
600,bc1q_demo_0306,1.5789715569737084,64.0,0.031579431139474166,0.0,0.0,,6,12,0,"[""Isolation Forest relative anomaly score: 0.032."", ""6 distinct relevant transactions with 12 supporting IP/transaction associations.""]"
601,bc1q_demo_0169,1.5664810300735785,56.0,0.03132962060147157,0.0,0.0,,4,8,0,"[""Isolation Forest relative anomaly score: 0.031."", ""4 distinct relevant transactions with 8 supporting IP/transaction associations.""]"
602,bc1q_demo_0359,1.507934720558828,60.0,0.03015869441117656,0.0,0.0,,5,10,0,"[""Isolation Forest relative anomaly score: 0.030."", ""5 distinct relevant transactions with 10 supporting IP/transaction associations.""]"
603,bc1q_demo_0584,1.4902046428228555,62.666666666666664,0.02980409285645711,0.0,0.0,,4,8,1,"[""Isolation Forest relative anomaly score: 0.030."", ""4 distinct relevant transactions with 8 supporting IP/transaction associations."", ""Repeated network observations: one IP appears in 2 relevant transactions; ownership is not established.""]"
604,bc1q_demo_0461,1.4405256934131807,64.0,0.028810513868263613,0.0,0.0,,6,12,0,"[""Isolation Forest relative anomaly score: 0.029."", ""6 distinct relevant transactions with 12 supporting IP/transaction associations.""]"
605,bc1q_demo_0037,1.429188912570629,56.0,0.02858377825141258,0.0,0.0,,4,8,0,"[""Isolation Forest relative anomaly score: 0.029."", ""4 distinct relevant transactions with 8 supporting IP/transaction associations.""]"
606,bc1q_demo_0520,1.4270244400332872,60.0,0.028540488800665745,0.0,0.0,,5,10,0,"[""Isolation Forest relative anomaly score: 0.029."", ""5 distinct relevant transactions with 10 supporting IP/transaction associations.""]"
607,bc1q_demo_0002,1.4117831810685522,60.0,0.028235663621371043,0.0,0.0,,5,10,0,"[""Isolation Forest relative anomaly score: 0.028."", ""5 distinct relevant transactions with 10 supporting IP/transaction associations.""]"
608,bc1q_demo_0551,1.4071663264317178,64.0,0.028143326528634355,0.0,0.0,,6,12,0,"[""Isolation Forest relative anomaly score: 0.028."", ""6 distinct relevant transactions with 12 supporting IP/transaction associations.""]"
609,bc1q_demo_0275,1.3944297079189216,64.0,0.027888594158378435,0.0,0.0,,6,12,0,"[""Isolation Forest relative anomaly score: 0.028."", ""6 distinct relevant transactions with 12 supporting IP/transaction associations.""]"
610,bc1q_demo_0379,1.36479141429709,60.0,0.0272958282859418,0.0,0.0,,5,10,0,"[""Isolation Forest relative anomaly score: 0.027."", ""5 distinct relevant transactions with 10 supporting IP/transaction associations.""]"
611,bc1q_demo_0232,1.3501883238795984,60.0,0.027003766477591968,0.0,0.0,,5,10,0,"[""Isolation Forest relative anomaly score: 0.027."", ""5 distinct relevant transactions with 10 supporting IP/transaction associations.""]"
612,bc1q_demo_0120,1.3294112987306423,66.66666666666667,0.026588225974612845,0.0,0.0,,5,10,1,"[""Isolation Forest relative anomaly score: 0.027."", ""5 distinct relevant transactions with 10 supporting IP/transaction associations."", ""Repeated network observations: one IP appears in 2 relevant transactions; ownership is not established.""]"
613,bc1q_demo_0366,1.3253385275260567,64.0,0.026506770550521135,0.0,0.0,,6,12,0,"[""Isolation Forest relative anomaly score: 0.027."", ""6 distinct relevant transactions with 12 supporting IP/transaction associations.""]"
614,bc1q_demo_0139,1.3156516702630414,56.0,0.026313033405260828,0.0,0.0,,4,8,0,"[""Isolation Forest relative anomaly score: 0.026."", ""4 distinct relevant transactions with 8 supporting IP/transaction associations.""]"
615,bc1q_demo_0246,1.3111483356859526,60.0,0.02622296671371905,0.0,0.0,,5,10,0,"[""Isolation Forest relative anomaly score: 0.026."", ""5 distinct relevant transactions with 10 supporting IP/transaction associations.""]"
616,bc1q_demo_0235,1.2557701362436244,60.0,0.025115402724872487,0.0,0.0,,5,10,0,"[""Isolation Forest relative anomaly score: 0.025."", ""5 distinct relevant transactions with 10 supporting IP/transaction associations.""]"
617,bc1q_demo_0229,1.2357890102201763,64.0,0.024715780204403525,0.0,0.0,,6,12,0,"[""Isolation Forest relative anomaly score: 0.025."", ""6 distinct relevant transactions with 12 supporting IP/transaction associations.""]"
618,bc1q_demo_0472,1.2257620642663645,68.0,0.02451524128532729,0.0,0.0,,7,14,0,"[""Isolation Forest relative anomaly score: 0.025."", ""7 distinct relevant transactions with 14 supporting IP/transaction associations.""]"
619,bc1q_demo_0345,1.2186954859481391,60.0,0.02437390971896278,0.0,0.0,,5,10,0,"[""Isolation Forest relative anomaly score: 0.024."", ""5 distinct relevant transactions with 10 supporting IP/transaction associations.""]"
620,bc1q_demo_0098,1.194250877570079,66.66666666666667,0.023885017551401582,0.0,0.0,,5,10,1,"[""Isolation Forest relative anomaly score: 0.024."", ""5 distinct relevant transactions with 10 supporting IP/transaction associations."", ""Repeated network observations: one IP appears in 2 relevant transactions; ownership is not established.""]"
621,bc1q_demo_0296,1.1374577621167252,64.0,0.022749155242334503,0.0,0.0,,6,12,0,"[""Isolation Forest relative anomaly score: 0.023."", ""6 distinct relevant transactions with 12 supporting IP/transaction associations.""]"
622,bc1q_demo_0302,1.1358883907941046,64.0,0.02271776781588209,0.0,0.0,,6,12,0,"[""Isolation Forest relative anomaly score: 0.023."", ""6 distinct relevant transactions with 12 supporting IP/transaction associations.""]"
623,bc1q_demo_0499,1.0994944414808845,60.0,0.02198988882961769,0.0,0.0,,5,10,0,"[""Isolation Forest relative anomaly score: 0.022."", ""5 distinct relevant transactions with 10 supporting IP/transaction associations.""]"
624,bc1q_demo_0299,1.0892772051764739,64.0,0.021785544103529477,0.0,0.0,,6,12,0,"[""Isolation Forest relative anomaly score: 0.022."", ""6 distinct relevant transactions with 12 supporting IP/transaction associations.""]"
625,bc1q_demo_0270,1.0532762006645682,64.0,0.021065524013291363,0.0,0.0,,6,12,0,"[""Isolation Forest relative anomaly score: 0.021."", ""6 distinct relevant transactions with 12 supporting IP/transaction associations.""]"
626,bc1q_demo_0390,1.053202955897528,60.0,0.021064059117950562,0.0,0.0,,5,10,0,"[""Isolation Forest relative anomaly score: 0.021."", ""5 distinct relevant transactions with 10 supporting IP/transaction associations.""]"
627,bc1q_demo_0373,1.0206996548143936,56.0,0.020413993096287872,0.0,0.0,,4,8,0,"[""Isolation Forest relative anomaly score: 0.020."", ""4 distinct relevant transactions with 8 supporting IP/transaction associations.""]"
628,bc1q_demo_0105,0.9831248322021751,60.0,0.0196624966440435,0.0,0.0,,5,10,0,"[""Isolation Forest relative anomaly score: 0.020."", ""5 distinct relevant transactions with 10 supporting IP/transaction associations.""]"
629,bc1q_demo_0343,0.7916337993292314,60.0,0.015832675986584627,0.0,0.0,,5,10,0,"[""Isolation Forest relative anomaly score: 0.016."", ""5 distinct relevant transactions with 10 supporting IP/transaction associations.""]"
630,bc1q_demo_0565,0.7858714948224668,60.0,0.015717429896449336,0.0,0.0,,5,10,0,"[""Isolation Forest relative anomaly score: 0.016."", ""5 distinct relevant transactions with 10 supporting IP/transaction associations.""]"
631,bc1q_demo_0064,0.7781928613180301,64.0,0.015563857226360603,0.0,0.0,,6,12,0,"[""Isolation Forest relative anomaly score: 0.016."", ""6 distinct relevant transactions with 12 supporting IP/transaction associations.""]"
632,bc1q_demo_0137,0.7516930979934209,70.66666666666667,0.015033861959868418,0.0,0.0,,6,12,1,"[""Isolation Forest relative anomaly score: 0.015."", ""6 distinct relevant transactions with 12 supporting IP/transaction associations."", ""Repeated network observations: one IP appears in 2 relevant transactions; ownership is not established.""]"
633,bc1q_demo_0452,0.638994718276877,70.66666666666667,0.012779894365537541,0.0,0.0,,6,12,1,"[""Isolation Forest relative anomaly score: 0.013."", ""6 distinct relevant transactions with 12 supporting IP/transaction associations."", ""Repeated network observations: one IP appears in 2 relevant transactions; ownership is not established.""]"
634,bc1q_demo_0525,0.6331742333415257,64.0,0.012663484666830514,0.0,0.0,,6,12,0,"[""Isolation Forest relative anomaly score: 0.013."", ""6 distinct relevant transactions with 12 supporting IP/transaction associations.""]"
635,bc1q_demo_0480,0.6325089613160553,60.0,0.012650179226321105,0.0,0.0,,5,10,0,"[""Isolation Forest relative anomaly score: 0.013."", ""5 distinct relevant transactions with 10 supporting IP/transaction associations.""]"
636,bc1q_demo_0336,0.5664734630947909,64.0,0.011329469261895818,0.0,0.0,,6,12,0,"[""Isolation Forest relative anomaly score: 0.011."", ""6 distinct relevant transactions with 12 supporting IP/transaction associations.""]"
637,bc1q_demo_0409,0.5400574995965879,56.0,0.010801149991931757,0.0,0.0,,4,8,0,"[""Isolation Forest relative anomaly score: 0.011."", ""4 distinct relevant transactions with 8 supporting IP/transaction associations.""]"
638,bc1q_demo_0527,0.505443391133618,60.0,0.01010886782267236,0.0,0.0,,5,10,0,"[""Isolation Forest relative anomaly score: 0.010."", ""5 distinct relevant transactions with 10 supporting IP/transaction associations.""]"
639,bc1q_demo_0318,0.42764449866630716,60.0,0.008552889973326143,0.0,0.0,,5,10,0,"[""Isolation Forest relative anomaly score: 0.009."", ""5 distinct relevant transactions with 10 supporting IP/transaction associations.""]"
640,bc1q_demo_0178,0.40451783560079707,60.0,0.008090356712015941,0.0,0.0,,5,10,0,"[""Isolation Forest relative anomaly score: 0.008."", ""5 distinct relevant transactions with 10 supporting IP/transaction associations.""]"
641,bc1q_demo_0481,0.37847243983079626,60.0,0.0075694487966159255,0.0,0.0,,5,10,0,"[""Isolation Forest relative anomaly score: 0.008."", ""5 distinct relevant transactions with 10 supporting IP/transaction associations.""]"
642,bc1q_demo_0458,0.2981655254598075,70.66666666666667,0.00596331050919615,0.0,0.0,,6,12,1,"[""Isolation Forest relative anomaly score: 0.006."", ""6 distinct relevant transactions with 12 supporting IP/transaction associations."", ""Repeated network observations: one IP appears in 2 relevant transactions; ownership is not established.""]"
643,bc1q_demo_0051,0.2434110551949824,60.0,0.004868221103899648,0.0,0.0,,5,10,0,"[""Isolation Forest relative anomaly score: 0.005."", ""5 distinct relevant transactions with 10 supporting IP/transaction associations.""]"
644,bc1q_demo_0357,0.16541261380340339,64.0,0.0033082522760680675,0.0,0.0,,6,12,0,"[""Isolation Forest relative anomaly score: 0.003."", ""6 distinct relevant transactions with 12 supporting IP/transaction associations.""]"
645,bc1q_demo_0219,0.0,60.0,0.0,0.0,0.0,,5,10,0,"[""Isolation Forest relative anomaly score: 0.000."", ""5 distinct relevant transactions with 10 supporting IP/transaction associations.""]"
